contract_name,hash,year_month,Match_Date,Matched_Attack_Type,Matched_Loss_Amount,predicted_label
0DEX_exp,0x00b375f8e90fc54c1345b33c686977ebec26877e2c8cac165429927a6c9bdbec,23-Sep,20230911,Parameter Manipulation,,1
Prisma_exp,0x00c503b595946bccaea3d58025b5f9b3726177bbdc9674e634244135282116c7,24-Mar,20240329,Insufficient Validation,,1
LPMine_exp,0x00c5a772a58b117f142b2cbc8721b80d145ef7a910043ad08439863d0e78e300,25-Jan,20240125,Price Manipulation,,1
Balancer_20200628_exp,0x013be97768b702fe8eccef1a40544d5ecb3c1961ad5f87fee4d16fdc08c78106,20-Jun,20200618,Access Control,,1
ChannelsFinance_exp,0x0237855c63eb85c5f437fba5267cc869a08c58a49501e3e5ebec9990bdd97565,23-Dec,20231230,CompoundV2 Inflation Attack,,0
Gamma_exp,0x025cf2858723369d606ee3abbc4ec01eab064a97cc9ec578bf91c6908679be75,24-Jan,20240104,Price Manipulation,,1
AffineDeFi_exp,0x03543ef96c26d6c79ff6c24219c686ae6d0eb5453b322e54d3b6a5ce456385e5,24-Feb,20240201,Lack of Validation UserData,,1
MooCAKECTX_exp,0x03d363462519029cf9a544d44046cad0c7e64c5fb1f2adf5dd5438a9a0d2ec8e,22-Nov,20211130,Price Manipulation,,1
LocalTrader_exp,0x042b8dc879fa193acc79f55a02c08f276eaf1c4f7c66a33811fce2a4507cea63,23-May,20230524,Improper Access Control of Close Source Contract,,1
Sushi_Router_exp,0x04b166e7b4ab5105a8e9c85f08f6346de1c66368687215b0e0b58d6e5002bc32,23-Apr,20230409,Unchecked User Input,,1
,0x04e16a79ff928db2fa88619cdd045cdfc7979a61d836c9c9e585b3d6f6d8bc31,,20230104,Price Manipulation,,1
ChaingeFinance_exp,0x051276afa96f2a2bd2ac224339793d82f6076f76ffa8d1b9e6febd49a4ec11b2,24-Apr,20240415,Arbitrary External Call,,1
LFI_exp,0x051f80a7ef69e1ffad889ec7e1f7d29a9e80883156b5c8528438b5bb8b7a689a,23-May,20230523,Business Logic Flaw,,1
,0x055cec4fa4614836e54ea2e5cd3d14247ff3d61b85aa2a41f8cc876d131e0328,,20240201,Oracle Price Manipulation,,1
Axioma_exp,0x05eabbb665a5b99490510d0b3f93565f394914294ab4d609895e525b43ff16f2,23-Apr,20230621,Lack Slippage Protection,,1
DYNA_exp,0x06bbe093d9b84783b8ca92abab5eb8590cb2321285660f9b2a529d665d3f18e4,23-Feb,20230222,Business Logic Flaw,,1
ZoomproFinance_exp,0x06d7e7436414c658a33452d28400799f3637e83930dcec39b3bd065dabc6ef04,24-Feb,20230512,Business Logic Flaw,,1
Zunami_exp,0x0788ba222970c7c68a738b0e08fb197e669e61f9b226ceec4cab9b85abe8cceb,23-Aug,20230328,Reentrancy,,1
BabyDogeCoin_exp,0x098e7394a1733320e0887f0de22b18f5c71ee18d48a0f6d30c76890fb5c85375,23-May,20220305,Reentrancy,,1
FDP_exp,0x09925028ce5d6a54801d04ff8f39e79af6c24289e84b301ddcdb6adfa51e901b,23-Feb,20230529,Wrong Balance Check,,1
TCH_exp,0x09cd1ee1ea50480b64176d36cf5565b00a7fb81dcaa3d2c89c3a9fdb601fbd0b,24-May,20240516,Signature Malleability Vulnerability,,0
NXUSD_exp,0x0ab12913f9232b27b0664cd2d50e482ad6aa896aeb811b53081712f42d54c026,22-Sep,20220906,Flashloan Price Oracle Manipulation,,1
Sushi_Badger_Digg_exp,0x0af5a6d2d8b49f68dcfd4599a0e767450e76e08a5aeba9b3d534a604d308e60b,21-Jan,20210125,Sandwich Attack,,1
AIS_exp,0x0be817b6a522a111e06293435c233dab6576d7437d0e148b45efcf7ab8a10de0,23-Nov,20231129,Access Control,,1
DKP_exp,0x0c850f54c1b497c077109b3d2ef13c042bb70f7f697201bcf2a4d0cb95e74271,23-Mar,20230308,Flashloan Price Manipulation,,1
LaEeb_exp,0x0d13a61e9dc81cfae324d3d80e49830d9bbae300f760e016a15600889a896a1b,23-Oct,20231030,Lack Slippage Protection,,1
ROI_exp,0x0e14cb7eabeeb2a819c52f313c986a877c1fa19824e899d1b91875c11ba053b0,22-Sep,20230922,Oracle Price Manipulation,,1
Paribus_exp,0x0e29dcf4e9b211a811caf00fc8294024867bffe4ab2819cc1625d2e9d62390af,23-Apr,20230411,Reentrancy,,1
LPC_exp,0x0e970ed84424d8ea51f6460ce6105ab68441d4450a80bc8d749fdf01e504ed8c,22-Jul,20220725,Business Logic Flaw & Incorrect Recipient Balance Check,,0
Game_exp,0x0eb8f8d148508e752d9643ccf49ac4cb0c21cbad346b5bbcf2d06974d31bd5c4,24-Feb,20240211,Reentrancy & Business Logic Flaw,,1
bZx_exp,0x0fc5c0d41e5506fdb9434fab4815a4ff671afc834e47a533b3bed7182ece73b0,23-Dec,20200912,Incorrect Transfer,,1
Cream_2_exp,0x0fe2542079644e107cbf13690eb9c2c65963ccb79089ff96bfaf8dced2331c92,21-Oct,20210830,Flashloan Attack & Reentrancy,,1
MARA_exp,0x0fe3716431f8c2e43217c3ca6d25eed87e14d0fbfa9c9ee8ce4cef2e5ec4583c,24-Sep,20240924,Price Manipulation,,1
,0x10f2c28f5d6cd8d7b56210b4d5e0cece27e45a30808cd3d3443c05d4275bb008,,20240614,Access Control Flaw,,0
GoodCompound_exp,0x1106418384414ed56cd7cbb9fedc66a02d39b663d580abc618f2d387348354ab,23-Dec,20231211,Price Manipulation,,1
STRAC_exp,0x1147b3c0f3ebdd524c4e58430bb736eba9f7fa522158f5ad81eb3e2394b466d0,23-Jun,20230627,Business Logic,,1
UnverifiedContr_452E25_exp,0x1194e1d6085885ce054a7ff8cd3cd0c3fa308ec87e4ccde8dd0549842fef4f1b,24-Jul,20240703,Lack of Access Control,,1
LPMine_exp,0x11c1ef2c61f5a2e41d570a1547d2d891bf916853ddd94e32097e86bcdd21cb4c,25-Jan,20240125,Price Manipulation,,1
Platypus_exp,0x1266a937c2ccd970e5d7929021eed3ec593a95c68a99b4920c2efa226679b430,23-Feb,20230217,Business Logic Flaw,,1
FloorDAO_exp,0x1274b32d4dfacd2703ad032e8bd669a83f012dde9d27ed92e4e7da0387adafe4,23-Sep,20230905,Rebasing Logic Issue,,1
TGC_exp,0x12e8c24dec36a29fdd9b9d7a8b587b3abd2519089b6438c194e6e5eb357b68d8,24-May,20240512,Business Logic Flaw,,1
IvestDao_exp,0x12f27e81e54684146ec50973ea94881c535887c2e2f30911b3402a55d67d121d,24-Aug,20240812,Business Logic Flaw,,1
GFOX_exp,0x12fe79f1de8aed0ba947cec4dce5d33368d649903cb45a5d3e915cc459e751fc,24-May,20240510,Lack of Access Control,,1
Liquiditytokens_exp,0x1350cc72865420ba5d3c27234fd4665ad25c021b0a75ba03bc8340a1b1f98a45,24-May,20240531,Business Logic Flaw,,1
Dexible_exp,0x138daa4cbeaa3db42eefcec26e234fc2c89a4aa17d6b1870fc460b2856fd11a6,23-Feb,20230217,Arbitrary External Call Vulnerability,,1
SwampFinance_exp,0x13e75878a21af9a9b2207f5d9e18f19a43083a9ffbac36df5a7d4d67a52c164f,23-Nov,20231101,Business Logic Flaw,,1
Starlink_exp,0x146586f05a4513136deab3557ad15df8f77ffbcdbd0dd0724bc66dbeab98a962,23-Feb,20230217,Business Logic Flaw,,1
MINER_bsc_exp,0x15ab671c9bf918fa4b6a9eed9ccb527f32aca40e926ede2aec2c84dfa9c30512,24-Feb,20240213,Price Manipulation,,1
EFLeverVault_exp,0x160c5950a01b88953648ba90ec0a29b0c5383e055d35a7835d905c53a3dda01e,22-Oct,20221014,Verify Flashloan Callback,,1
Qixi_exp,0x16be4fe1c8fcab578fcb999cbc40885ba0d4ba9f3782a67bd215fb56dc579062,22-Aug,20220803,Underflow,,1
RariCapital_exp,0x171072422efb5cd461546bfe986017d9b5aa427ff1c07ebe8acc064b13a7b7be,21-May,20210508,Cross-contract Reentrancy,,1
JulSwap_exp,0x1751268e620767ff117c5c280e9214389b7c1961c42e77fc704fd88e22f4f77a,21-May,20210527,Flash Loan,,1
TransitSwap_exp,0x181a7882aac0eab1036eedba25bc95a16e10f61b5df2e99d240a16c334b9b189,22-Oct,20221002,Incorrect Owner Address Validation,,1
MAMO_exp,0x189a8dc1e0fea34fd7f5fa78c6e9bdf099a8d575ff5c557fa30d90c6acd0b29f,23-Dec,20231205,Price Manipulation,,1
TrustPad_exp,0x191a34e6c0780c3d1ab5c9bc04948e231d742b7d88e0e4f85568d57fcdc03182,23-Nov,20231106,Lack of MsgSender Address Verification,,1
Binemon_exp,0x1999bb5c11a8d8bfa7620fc5cc37f5bc59c1a99d7a9250a8d6076c93bbdbeb5f,24-Mar,20240223,Logic Flaw,,1
FFIST_exp,0x199c4b88cab6b4b495b9d91af98e746811dd8f82f43117c48205e6332db9f0e0,23-Jul,20230206,Reflection Token,,1
BRAND_exp,0x19ef4febcd272643642925d5d7e9ab8fd3ed8785c5e3268f5b6fee44ae6b4a34,23-Nov,20230621,Reflection Tokens,,1
Telcoin_exp,0x1a31cb6f417d30fe8769328b3412bfb0d70247a82009ef28dfab5730c82acd05,23-Dec,20231225,Storage Collision,,0
Hopelend_exp,0x1a7ee0a7efc70ed7429edef069a1dd001fbff378748d91f17ab1876dc6d10392,23-Oct,20231018,Div Precision Loss,,1
SmartMesh_exp,0x1abab4c8db9a30e703114528e31dee129a3a758f7f8abc3b6494aad3d304e43f,18-Apr,20180424,Overflow,,1
Bitpaidio_exp,0x1ae499ccf292a2ee5e550702b81a4a7f65cd03af2c604e2d401d52786f459ba6,23-May,20240427,Precision Loss,,1
TCH_exp,0x1b2d836049713075b8e46076331332d0bfe8ecfa5dfa94f1c5b0b70700e68d53,24-May,20240517,Signature Malleability Vulnerability,,0
FPR_exp,0x1b66170220287bd90f72a97368f8dea2420a24c9585e9f39bf236af6d2a7dde6,22-Dec,20231018,Div Precision Loss,,1
TIFI_exp,0x1c5272ce35338c57c6b9ea710a09766a17bbf14b61438940c3072ed49bfec402,22-Dec,20221210,Flashloan Price Manipulation,,1
RadiantCapital_exp,0x1ce7e9a9e3b6dd3293c9067221ac3260858ce119ecb7ca860eac28b2474c7c9b,24-Jan,20240124,Business Logic Flaw,,1
BurnsDefi_exp,0x1d0af3a963682748493f21bf9e955ce3a950bee5817401bf2486db7a0af104b4,24-Feb,20240224,Business Logic Flaw,,1
DAO_SoulMate_exp,0x1ea0a2e88efceccb2dd93e6e5cb89e5421666caeefb1e6fc41b68168373da342,24-Jan,20240122,Incorrect Access Control,,1
DominoTT_exp,0x1ee617cd739b1afcc673a180e60b9a32ad3ba856226a68e8748d58fcccc877a8,23-Dec,20231228,Precision Loss,,1
LUSD_exp,0x1eeef7b9a12b13f82ba04a7951c163eb566aa048050d6e9318b725d7bcec6bfa,23-Jul,20230707,Price Manipulation Attack,,1
EFLeverVault_exp,0x1f1aba5bef04b7026ae3cb1cb77987071a8aff9592e785dd99860566ccad83d1,22-Oct,20221015,Verify Flashloan Callback,,1
FPR_exp,0x1f8e814029a073c52a8668e6ff5bb3264445a8b29886cc9e3ca8ed5f89ccacd3,22-Dec,20231019,Div Precision Loss,,1
EFVault_exp,0x1fe5a53405d00ce2f3e15b214c7486c69cbc5bf165cf9596e86f797f62e81914,23-Feb,20230224,Storage Collision,,1
NewFreeDAO_exp,0x1fea385acf7ff046d928d4041db017e1d7ead66727ce7aacb3296b9d485d4a26,22-Sep,20220908,Flashloans Attack,,1
WECO_exp,0x2040a481c933b50ee31aba257c2041c48bb7a0b4bf4b4fad1ac165f19c4269e8,23-Nov,20231023,Flash Loan Attack,,1
PHIL_exp,0x20ecd8310a2cc7f7774aa5a045c8a99ad84a8451d6650f24e0911e9f4355b13a,23-Dec,20231214,Business Logic Flaw,,0
OpenLeverage2_exp,0x210071108f3e5cd24f49ef4b8bcdc11804984b0c0334e18a9a2cdb4cd5186067,24-Apr,20240424,Oracle Price Manipulation,,1
ChaingeFinance_exp,0x21d8b164f0cb8beb1ed27d164ed986c3fc26b33655ce18226b05b9cfcf6cd93c,24-Apr,20240416,Arbitrary External Call,,1
SpankChain_exp,0x21e9d20b57f6ae60dac23466c8395d47f42dc24628e5a31f224567a2b4effa88,18-Oct,20181007,Reentrancy,,1
Seneca_exp,0x23fcf9d4517f7cc39815b09b0a80c023ab2c8196c826c93b4100f2e26b701286,24-Feb,20240228,Arbitrary External Call Vulnerability,,1
UwuLend_First_exp,0x242a0fb4fde9de0dc2fd42e8db743cbc197ffa2bf6a036ba0bba303df296408b,24-Jun,20240610,Price Manipulation,,1
SELLC_exp,0x247e61bd0f41f9ec56a99558e9bbb8210d6375c2ed6efa4663ee6a960349b46d,23-May,20230511,Business Logic Flaw,,1
ZongZi_exp,0x247f4b3dbde9d8ab95c9766588d80f8dae835129225775ebd05a6dd2c69cd79f,24-Mar,20240325,Price Manipulation,,1
TrustPad_exp,0x2490368b43951caa8bf6f730bf0aaa0bcc2657d6f64fdcc3b0372b6500d0dcfc,23-Nov,20231107,Lack of MsgSender Address Verification,,1
MicDao_exp,0x24a2fbb27d433d91372525954f0d7d1af7509547b9ada29cc6c078e732c6d075,23-Oct,20231018,Price Manipulation,,1
BUNN_exp,0x24a68d2a4bbb02f398d3601acfd87b09f543d935fc24862c314aaf64c295acdb,23-Jun,20240522,Sandwich Ack,,1
Shell_MEV_a898_exp,0x24f114c0ef65d39e0988d164e052ce8052fe4a4fd303399a8c1bb855e8da01e9,24-Jan,20240115,Lack of Access Control,,1
MorphoBlue_exp,0x256979ae169abb7fbbbbc14188742f4b9debf48b48ad5b5207cadcc99ccb493b,24-Oct,20241013,Overpriced Asset in Oracle,,0
WGPT_exp,0x258e53526e5a48feb1e4beadbf7ee53e07e816681ea297332533371032446bfd,23-Jul,20241115,Business Logic Vulnerability,,1
MARS_exp,0x25e2af0a55581d5629a933af9fedd3c70e6d0c320f0b72700ca80e5cdd36c80b,24-Apr,20240416,Bad Reflection,,1
HedgeyFinance_exp,0x2606d459a50ca4920722a111745c2eeced1d8a01ff25ee762e22d5d4b1595739,24-Apr,20240419,Logic Flaw,,1
MIMSpell2_exp,0x26a83db7e28838dd9fee6fb7314ae58dcc6aee9a20bf224c386ff5e80f7e4cf2,24-Jan,20240124,Business Logic Flaw,,1
Harmony_multisig_exp,0x27981c7289c372e601c9475e5b5466310be18ed10b59d1ac840145f6e7804c97,22-Jun,20220524,Skim Token Balance,,1
MahaLend_exp,0x2881e839d4d562fad5356183e4f6a9d427ba6f475614ce8ef64dbfe557a4a2cc,23-Nov,20231111,Donate Inflation ExchangeRate & Rounding Error,,1
TeamFinance_exp,0x2972f75d5926f8f948ab6a0cabc517a05f0da5b53e20f670591afbaa501aa436,22-Oct,20221027,Liquidity Migration Exploit,,1
Balancer_exp,0x2a027c8b915c3737942f512fc5d26fd15752d0332353b3059de771a35a606c2d,23-Aug,20230704,Donate Inflation ExchangeRate & Rounding Error,,1
KR_exp,0x2abf871eb91d03bc8145bf2a415e79132a103ae9f2b5bbf18b8342ea9207ccd7,23-Nov,20231106,Precision Loss,,1
XAI_exp,0x2b251e456c434992b9ac7ec56dc166550c4cd7db3adefbf7eb3ab91cef55f9bf,23-Nov,20231115,Price Manipulation,,1
Burntbubba_exp,0x2b6d0af0dc513a15e325703405739057f9de6ef3f99934b957653b8a3fade4c6,23-Nov,20231123,Business Logic Flaw,,1
GDS_exp,0x2bb704e0d158594f7373ec6e53dc9da6c6639f269207da8dab883fc3b5bf6694,23-Jan,20230103,Business Logic Flaw,,1
GPU_exp,0x2c0ada695a507d7a03f4f308f545c7db4847b2b2c82de79e702d655d8c95dadb,24-May,20240508,Self-transfer,,1
Caterpillar_Coin_CUT_exp,0x2c123d08ca3d50c4b875c0b5de1b5c85d0bf9979dffbf87c48526e3a67396827,24-Sep,20240924,Reentrancy,,1
MIMSpell_exp,0x2c9f87e285026601a2c8903cf5f10e5b3655fbd0264490c41514ce073c42a9c3,23-Jun,20240130,Precision Loss,,1
DKP_exp,0x2d31e45dce58572a99c51357164dc5283ff0c02d609250df1e6f4248bd62ee01,23-Mar,20230309,Flashloan Price Manipulation,,1
SHOCO_exp,0x2e832f044b4a0a0b8d38166fe4d781ab330b05b9efa9e72a7a0895f1b984084b,23-Jan,20230119,Reflection Token,,1
PineProtocol_exp,0x2f328016764ecf1f57fda0f5490087a5ddba83706b51cf518bdbd7e65ae2383b,23-Dec,20231222,Business Logic Flaw,,1
KEST_exp,0x2fcee04e64e54f3dd9c15db9ae44e4cbdd57ab4c6f01941a3acf470dc60bfc16,23-Dec,20231216,Business Logic Flaw,,1
Freedom_exp,0x309523343cc1bb9d28b960ebf83175fac941b4a590830caccff44263d9a80ff0,24-Jan,20240110,Lack of Access Control,,1
WaultFinance_exp,0x31262f15a5b82999bf8d9d0f7e58dcb1656108e6031a2797b612216a95e1670e,21-Aug,20210804,Flash Loan Price Manipulation,,1
MEVbot_28d9_exp,0x313d23bdd9277717e3088f32c976479c09d4b8a94d5d94deb835d157fd0850ce,22-Dec,20221211,Insufficient Validation,,1
MIC_exp,0x316c35d483b72700e6f4984650d217304146b3732bb148e32fa7f8017843eb24,24-Jan,20240102,Business Logic Flaw,,1
BonqDAO_exp,0x31957ecc43774d19f54d9968e95c69c882468b46860f921668f2c55fadd51b19,23-Feb,20221109,Arbitrary External Call Vulnerability,,1
kTAF_exp,0x325999373f1aae98db2d89662ff1afbe0c842736f7564d16a7b52bf5c777d3a4,23-Oct,20231019,CompoundV2 Inflation Attack,,1
Umbrella_exp,0x33479bcfbc792aa0f8103ab0d7a3784788b5b0e1467c81ffbed1b7682660b4fa,22-Mar,20220320,Underflow,,0
deus_exp,0x33e48143c6ea17476eeabfa202d8034190ea3f2280b643e2570c54265fe33c98,22-Apr,20220422,Oracle Price Manipulation,,1
MaestroRouter2_exp,0x33f6adf410bbd0ae08b0cd44410de1e5b28e516434567113982fcac36ed9e1a4,23-Oct,20231024,Arbitrary External Call,,0
BNO_exp,0x33fed54de490797b99b2fc7a159e43af57e9e6bdefc2c2d052dc814cfe0096b9,23-Jul,20230202,Price Oracle Manipulation,,1
MyAi_exp,0x346f65ac333eb6d69886f5614aaf569a561a53a8d93db4384bd7c0bec15ae9f6,23-Jun,20230623,Business Logic Flaw,,0
Paraswap_exp,0x35a73969f582872c25c96c48d8bb31c23eab8a49c19282c67509b96186734e60,24-Mar,20240320,Incorrect Access Control,,1
MEVa47b_exp,0x35ecf595864400696853c53edf3e3d60096639b6071cadea6076c9c6ceb921c1,22-Oct,20221014,MEVBot a47b,,1
Telcoin_exp,0x35f50851c3b754b4565dc3e69af8f9bdb6555edecc84cf0badf8c1e8141d902d,23-Dec,20231226,Storage Collision,,1
GAX_exp,0x368f842e79a10bb163d98353711be58431a7cd06098d6f4b6cbbcd4c77b53108,24-Jul,20240711,Lack of Access Control,,1
Annex_exp,0x3757d177482171dcfad7066c5e88d6f0f0fe74b28f32e41dd77137cad859c777,22-Nov,20221119,Verify Flashloan Callback,,1
Conic02_exp,0x37acd17a80a5f95728459bfea85cb2e1f64b4c75cf4a4c8dcb61964e26860882,23-Jul,20230722,Price Manipulation,,1
QTN_exp,0x37cb8626e45f0749296ef080acb218e5ccc7efb2ae4d39c952566dc378ca1c4c,23-Jan,20230118,Business Logic Flaw,,1
Carson_exp,0x37d921a6bb0ecdd8f1ec918d795f9c354727a3ff6b0dba98a512fceb9662a3ac,23-Jul,20230726,Price Manipulation,,1
GROKD_exp,0x383dbb44a91687b2b9bbd8b6779957a198d114f24af662776f384569b84fc549,24-Apr,20240412,Lack of Access Control,,1
YYS_exp,0x397a09af6494c0bfcd89e010f5dd65d90f3ee1cf1ff813ce5b0c1d42a1c8dec9,24-Jun,20230602,Business Logic Flaw,,1
IPC_exp,0x3a3683119e1801821faa15c319cb9c8fb3fcf6ee92b1904a829d82c432e09a44,25-Jan,20250107,Logic Flaw,~590k USDT,1
MetaDragon_exp,0x3ad998a01ad1f1bbe6dba6a08e658c1749dabfa4a07da20ded3c73bcd6970d20,24-May,20240529,Lack of Access Control,,1
Uwerx_exp,0x3b19e152943f31fe0830b67315ddc89be9a066dc89174256e17bc8c2d35b5af8,23-Aug,20230802,Fault Logic,,1
DBW_exp,0x3b472f87431a52082bae7d8524b4e0af3cf930a105646259e1249f2218525607,23-Mar,20230323,Oracle Price Manipulation,,1
Burner_exp,0x3bba4fb6de00dd38df3ad68e51c19fe575a95a296e0632028f101c5199b6f714,24-May,20231129,Price Manipulation,,1
Audius_exp,0x3c09c6306b67737227edc24c663462d870e7c2bf39e9ab66877a980c900dd5d5,22-Jul,20220326,(¹¥»÷ÀàÐÍÎª¿Õ),,0
Jimbo_exp,0x3c6e053faecd331883641c1d23c9d9d37d065e4f9c4086e94a3c34bf8702618a,23-May,20230529,Protocol Specific Price Manipulation,,1
Kashi_exp,0x3d163bfbec5686d428a6d43e45e2626a220cc4fcfac7620c620b82c1f2537c78,22-Nov,20221108,Price Caching Design Defect,,1
Exactly_exp,0x3d6367de5c191204b44b8a5cf975f257472087a9aadc59b5d744ffdef33a520e,23-Aug,20230823,Access Control Flaw,,1
MEV_8c2d_exp,0x3dcb26a1f49eb4d02ca29960b4833bfb2e83d7b5d9591aed1204168944c8c9b3,23-Nov,20231112,Lack of Access Control,,1
grok_exp,0x3e9bcee951cdad84805e0c82d2a1e982e71f2ec301a1cbd344c832e0acaee813,23-Nov,20231110,Lack of Slippage Protection,,1
OlympusDao_exp,0x3ed75df83d907412af874b7998d911fdf990704da87c2b1a8cf95ca5d21504cf,22-Oct,20221021,No Input Validation,,1
SwapX_exp,0x3ee23c1585474eaa4f976313cafbc09461abb781d263547c8397788c68a00160,23-Feb,20230227,Access Control,,1
Melo_exp,0x3f1973fe56de5ecd59a815d3b14741cf48385903b0ccfe248f7f10c2765061f7,23-May,20230506,Access Control,,1
ThoreumFinance_exp,0x3fe3a1883f0ae263a260f7d3e9b462468f4f83c2c88bb89d1dee5d7d24262b51,23-Jan,20230119,Business Logic Flaw,,1
BBT_exp,0x4019890fe5a5bd527cd3b9f7ee6d94e55b331709b703317860d028745e33a8ca,24-Mar,20210516,Logic Flaw,,1
ChaingeFinance_exp,0x407e09faabf7072cd10dc86b7fa3180ccc1701f52f7fdca29464568498c30997,24-Apr,20240417,Arbitrary External Call,,1
SteamSwap_exp,0x40f3bdd0a3a8d0476ae6aa2875dc2ec60b80812e2a394b67a88260df57c65522,24-Jun,20240606,Logic Flaw,,1
MetaPoint_exp,0x41853747231dcf01017cf419e6e4aa86757e59479964bafdce0921d3e616cc67,23-Apr,20230412,Unrestricted Approval,,1
Audius_exp,0x4227bca8ed4b8915c7eec0e14ad3748a88c4371d4176e716e8007249b9980dc9,22-Jul,20220723,Storage Collision & Malicious Proposal,,0
XCarnival_exp,0x422e7b0a449deba30bfe922b5c34282efbdbf860205ff04b14fd8129c5b91433,22-Jun,20220626,Infinite Loan Vulnerability,,1
Penpiexyzio_exp,0x42b2ec27c732100dd9037c76da415e10329ea41598de453bb0c0c9ea7ce0d8e5,24-Sep,20240903,Reentrancy and Reward Manipulation,,1
Nmbplatform_exp,0x42f56d3e86fb47e1edffa59222b33b73e7407d4b5bb05e23b83cb1771790f6c1,22-Dec,20221214,Flashloan Price Manipulation,,0
MRP_exp,0x4353a6d37e95a0844f511f0ea9300ef3081130b24f0cf7a4bd1cae26ec393101,24-Jul,20240702,Reentrancy,,1
FPR_exp,0x43da4322052b045f442cdfc03bcccc797d3bba467beda501222c35d8fd0ebd81,22-Dec,20231020,Div Precision Loss,,1
Platypus03_exp,0x4425f757715e23d392cda666bc0492d9e5d5848ff89851a1821eab5ed12bb867,23-Oct,20230712,Business Logic Flaw,,1
Jimbo_exp,0x44a0f5650a038ab522087c02f734b80e6c748afb207995e757ed67ca037a5eda,23-May,20230530,Protocol Specific Price Manipulation,,1
IndexedFinance_exp,0x44aad3b853866468161735496a5d9cc961ce5aa872924c5d78673076b1cd95aa,21-Oct,20211015,Price Manipulation,,1
Sonne_exp,0x45c0ccfd3ca1b4a937feebcb0f5a166c409c9e403070808835d41da40732db96,24-May,20240514,Precision Loss,,1
Bancor_exp,0x4643b63dcbfc385b8ab8c86cbc46da18c2e43d277de3e5bc3b4516d3c0fdeb9f,20-Jun,20240128,Reentrancy,,1
OnyxDAO_exp,0x46567c731c4f4f7e27c4ce591f0aebdeb2d9ae1038237a0134de7b13e63d8729,24-Sep,20240926,Fake Market,,1
EAC_exp,0x477f9ee698ac8ae800ffa012ab52fd8de39b58996245c5e39a4233c1ae5f1baa,23-Aug,20230829,Price Manipulation,,1
Spectra_finance_exp,0x491cf8b2a5753fdbf3096b42e0a16bc109b957dc112d6537b1ed306e483d0744,24-Jul,20240724,Incorrect Input Validation,,1
LocalTrader_exp,0x49a3038622bf6dc3672b1b7366382a2c513d713e06cb7c91ebb8e256ee300dfb,23-May,20230525,Improper Access Control of Close Source Contract,,1
OmniEstate_exp,0x49bed801b9a9432728b1939951acaa8f2e874453d39c7d881a62c2c157aa7613,23-Jan,20230117,No Input Parameter Check,,1
YIEDL_exp,0x49ca5e188c538b4f2efb45552f13309cc0dd1f3592eee54decfc9da54620c2ec,24-Apr,20230710,Reentrancy,,1
MidasCapitalXYZ_exp,0x4a304ff08851106691f626045b0f55d403e3a0958363bdf82b96e8ce7209c3a6,23-Jun,20230617,Precision Loss,,1
EGD_Finance_exp,0x4a66d01a017158ff38d6a88db98ba78435c606be57ca6df36033db4d9514f9f8,22-Aug,20220807,Flashloans & Price Manipulation,,1
pSeudoEth_exp,0x4ab68b21799828a57ea99c1288036889b39bf85785240576e697ebff524b3930,23-Oct,20231008,Pool Manipulation,,1
Upswing_exp,0x4b3df6e9c68ae482c71a02832f7f599ff58ff877ec05fed0abd95b31d2d7d912,23-Jan,20230123,Oracle Price Manipulation,,1
Platypus02_exp,0x4b544e5ffb0420977dacb589a6fb83e25347e0685275a3327ee202449b3bfac6,23-Jul,20231012,Business Logic Flaw,,1
PAID_exp,0x4bb10927ea7afc2336033574b74ebd6f73ef35ac0db1bb96229627c9d77555a0,21-Mar,20210305,Private Key Compromised,,1
MetaLend_exp,0x4c684fb2618c29743531dec9253ede1b757bda0b323dc2f305e3b50ab1773da7,23-Nov,20231125,CompoundV2 Inflation Attack,,1
BRA_exp,0x4e5b2efa90c62f2b62925ebd7c10c953dc73c710ef06695eac3f36fe0f6b9348,23-Jan,20231102,Lack of Access Control,,1
Mosca_exp,0x4e5bb7e3f552f5ee6ee97db9a9fcf07287aae9a1974e24999690855741121aff,25-Jan,20250106,Logic Flaw,19K,1
MO_exp,0x4ec3061724ca9f0b8d400866dd83b92647ad8c943a1c0ae9ae6c9bd1ef789417,24-Mar,20240324,Business Logic Flaw,,1
LinkDao_exp,0x4ed59e3013215c272536775a966f4365112997a6eec534d38325be014f2e15ee,23-Nov,20231115,Bad K Value Verification,,1
StarsArena_exp,0x4f37ffecdad598f53b8d5a2d9df98e3c00fbda4328585eb9947a412b5fe17ac5,23-Oct,20231007,Reentrancy,,1
MaestroRouter2_exp,0x4f4d6909a442b4d86f79a9044dcada6a128ddd9f62c26f410134a72d2fc31389,23-Oct,20231025,Arbitrary External Call,,1
GSS_exp,0x4f8cb9efb3cc9930bd38af5f5d34d15ce683111599a80df7ae50b003e746e336,23-Aug,20230824,Skim Token Balance,,1
CGT_exp,0x4ff4028b03c3df468197358b99f5160e5709e7fce3884cc8ce818856d058e106,24-Mar,20240323,Incorrect Access Control,,1
EGD_Finance_exp,0x50da0b1b6e34bce59769157df769eb45fa11efc7d0e292900d6b0a86ae66a2b3,22-Aug,20220808,Flashloans & Price Manipulation,,1
TeamFinance_exp,0x51185fb580892706500d3b6eebb8698c27d900618021fb9b1797f4a774fffb04,22-Oct,20221028,Liquidity Migration Exploit,,1
TheStandard_io_exp,0x51293c1155a1d33d8fc9389721362044c3a67e0ac732b3a6ec7661d47b03df9f,23-Nov,20231106,Lack of Slippage Protection,,0
BEARNDAO_exp,0x51913be3f31d5ddbfc77da789e5f9653ed6b219a52772309802226445a1edd5f,23-Dec,20231013,Price Manipulation,,0
HYPR_exp,0x51ce3d9cfc85c1f6a532b908bb2debb16c7569eb8b76effe614016aac6635f65,23-Dec,20231213,Business Logic Flaw,,1
MEVbot_dd7c_exp,0x53334c36502bd022bd332f2aa493862fd8f722138d1989132a46efddcc6b04d4,24-Jul,20240723,Incorrect Input Validation,,1
MintoFinance_exp,0x53be95dc8ffbc80060215133f76f48df35deef3cd7e1803e24b1e2f8aa53440b,23-Jul,20230723,Signature Replay,,1
MEV_a247_exp,0x53eeab4447db331dbb47f93fd58a95d6faa230d559acde0687f8b5f5829e7a45,23-Nov,20231112,Incorrect Access Control,,1
NomadBridge_exp,0x53fd92771d2084a9bf39a6477015ef53b7f116c79d98a21be723d06d79024cad,22-Aug,20220802,Business Logic Flaw & Incorrect Acceptable Merkle Root Checks,,0
EXcommunity_exp,0x5446bf2b57749abdab01813a50ce36246177f3437599f3a56bc1554f596b2c3a,24-May,20240528,Business Logic Flaw,,1
YodlRouter_exp,0x54f659773dae6e01f83184d4b6d717c7f1bb71c0aa59e8c8f4a57c25271424b3,24-Aug,20240219,Access Control Flaw,,1
INcufi_exp,0x556419e0a6ee8e6de6b3679605f9f62ad013007419a1b55c9f56590a824bfb52,24-Jun,20240624,Business Logic Flaw,,1
NewFi_exp,0x557628123d137ea49564e4dccff5f5d1e508607e96dd20fe99a670519b679cb5,23-Jul,20230717,Lack Slippage Protection,,1
ATK_exp,0x55983d8701e40353fee90803688170a16424ee702f6b21bb198bb8e7282112cd,22-Oct,20221012,Flashloan Manipulate Price,~65K,1
Opyn_exp,0x56de6c4bd906ee0c067a332e64966db8b1e866c7965c044163a503de6ee6552a,20-Aug,20200804,MsgValue in Loop,,1
SheepFarm_exp,0x5735026e5de6d1968ab5baef0cc436cc0a3f4de4ab735335c5b1bd31fa60c582,22-Nov,20221116,No Input Validation,,0
ERC20TokenBank_exp,0x578a195e05f04b19fd8af6358dc6407aa1add87c3167f053beb990d6b4735f26,23-May,20230531,Price Manipulation,,1
LocalTrader_exp,0x57b589f631f8ff20e2a89a649c4ec2e35be72eaecf155fdfde981c0fec2be5ba,23-May,20230526,Improper Access Control of Close Source Contract,,0
BelugaDex_exp,0x57c96e320a3b885fabd95dd476d43c0d0fb10500d940d9594d4a458471a87abe,23-Oct,20221212,Deflationary Token & Flashloan Price Manipulation,,1
Woofi_exp,0x57e555328b7def90e1fc2a0f7aa6df8d601a8f15803800a5aaf0a20382f21fbd,24-Mar,20240305,Price Manipulation,,1
WIFCOIN_ETH_exp,0x58424115c6576b19cfb78b0b7ff00e0c13daa06d259f2a67210c112731519e09,24-Jun,20240616,Business Logic Flaw,,1
NORMIE_exp,0x587f14b7ffb30b5013ab0db02e9bc94183817ef34c24a9595f33277e752f81eb,24-May,20240526,Business Logic Flaw,,0
SELLC_exp,0x59ed06fd0d44aec351bed54f57eccec65874da5a25a0aa71e348611710ec05f3,23-May,20230512,Business Logic Flaw,,1
Yearn_ydai_exp,0x59faab5a1911618064f1ffa1e4649d85c99cfd9f0d64dcebbc1af7d7630da98b,21-Feb,20230413,Misconfiguration,,1
WSM_exp,0x5a475a73343519f899527fdb9850f68f8fc73168073c72a3cff8c0c7b8a1e520,24-Apr,20230720,Price Manipulation,,1
Uranium_exp,0x5a504fe72ef7fc76dfeb4d979e533af4e23fe37e90b5516186d5787893c37991,21-Apr,20210428,Miscalculation,,1
RuggedArt_exp,0x5a63da39b5b83fccdd825fed0226f330f802e995b8e49e19fbdd246876c67e1f,24-Feb,20240219,Reentrancy,,1
Rico_exp,0x5d2a94785d95a740ec5f778e79ff014c880bcefec70d1a7c2440e611f84713d6,24-Apr,20240420,Arbitrary Call,,1
dForce_exp,0x5db5c2400ab56db697b3cc9aa02a05deab658e1438ce2f8692ca009cc45171dd,23-Feb,20230210,Read-only Reentrancy,,1
AIZPTToken_exp,0x5e694707337cca979d18f9e45f40e81d6ca341ed342f1377f563e779a746460d,24-Oct,20241005,Wrong Price Calculation,,1
IPC_exp,0x5ef1edb9749af6cec511741225e6d47103e0b647d1e41e08649caaff66942a91,25-Jan,20250108,Logic Flaw,~591k USDT,1
RodeoFinance_exp,0x5f16637460021994d40430dadc020fffdb96937cfaf2b8cb6cbc03c91980ac7c,23-Jul,20230711,TWAP Oracle Manipulation,,1
ATK_exp,0x601b8ab0c1d51e71796a0df5453ca671ae23de3d5ec9ffd87b9c378504f99c32,22-Oct,20221013,Flashloan Manipulate Price,,0
bEarn_exp,0x603b2bbe2a7d0877b22531735ff686a7caad866f6c0435c37b7b49e4bfd9a36c,21-May,20221019,Incorrect Signature Verification,,1
Sheep_exp,0x61293c6dd5211a98f1a26c9f6821146e12fb5e20c850ad3ed2528195c8d4c98e,23-Feb,20230210,Reflection Token,,1
WECO_exp,0x6129e18fdba3b4d3f1e6c3c9c448cafcbee5b5c82e4bbb69a404360f0e579051,23-Nov,20230814,Access Control Flaw,,0
JumpFarm_exp,0x6189ad07894507d15c5dff83f547294e72f18561dc5662a8113f7eb932a5b079,23-Sep,20230905,Rebasing Logic Issue,,1
SumerMoney_exp,0x619c44af9fedb8f5feea2dcae1da94b6d7e5e0e7f4f4a99352b6c4f5e43a4661,24-Apr,20240412,Reentrancy,,1
98Token_exp,0x61da5b502a62d7e9038d73e31ceb3935050430a7f9b7e29b9b3200db3095f91d,25-Jan,20250104,Unprotected public function,28K USDT,1
TINU_exp,0x6200bf5c43c214caa1177c3676293442059b4f39eb5dbae6cfd4e6ad16305668,23-Jan,20230126,Reflection Token,,1
AzukiDAO_exp,0x6233c9315dd3b6a6fcc7d653f4dca6c263e684a76b4ad3d93595e3b8e8714d34,23-Jul,20221001,Parameter Access Control,,0
Caterpillar_Coin_CUT_exp,0x6262c0f15c88aed6f646ed1996eb6aae9ccc5d5704d5faccd1e1397dd047bc8a,24-Sep,20240924,Reentrancy,,1
AktuarNFT_exp,0x62d280abc60f8b604175ab24896c989e6092e496ac01f2f5399b2a62e9feaacf,22-Apr,20220423,Denial of Service,,1
Palmswap_exp,0x62dba55054fa628845fecded658ff5b1ec1c5823f1a5e0118601aa455a30eac9,23-Jul,20230724,Business Logic Flaw,,1
NeutraFinance_exp,0x6301d4c9f7ac1c96a65e83be6ea2fff5000f0b1939ad24955e40890bd9fe6122,23-Aug,20230801,Price Manipulation,,1
HPAY_exp,0x634f6fb7d2b6aa1439fb7940ced4b31626907b76d27510ffb2f74451b09b6b6e,22-Oct,20221018,Access Control,,0
Convergence_exp,0x636be30e58acce0629b2bf975b5c3133840cd7d41ffc3b903720c528f01c65d9,24-Aug,20240801,Incorrect Input Validation,,1
Pledge_exp,0x63ac9bc4e53dbcfaac3a65cb90917531cfdb1c79c0a334dda3f06e42373ff3a0,24-Dec,20241203,Access Control,,1
Eleven_exp,0x6450d8f4db09972853e948bee44f2cb54b9df786dace774106cd28820e906789,21-Jun,20210622,Doesn't Burn Shares,,1
CAROLProtocol_exp,0x6462f5e358eb2c7769e6aa59ce43277be4799b297bc4c9503610443b9d56cc24,23-Nov,20231130,Price Manipulation via Reentrancy,,1
Tradeonorion_exp,0x660837a1640dd9cc0561ab7ff6c85325edebfa17d8b11a3bb94457ba6dcae18c,24-May,20240528,Business Logic Flaw,,1
SCROLL_exp,0x661505c39efe1174da44e0548158db95e8e71ce867d5b7190b9eabc9f314fe91,24-May,20240529,Integer Underflow,,1
APIG_exp,0x66dee84591aeeba6e5f31e12fe728f2ddc79a06426036793487a980c3b952947,23-Sep,20230908,Business Logic Flaw,,1
MEV_0ad8_exp,0x674f74b30a3d7bdf15fa60a7c29d96a402ea894a055f624164a8009df98386a0,22-Nov,20221122,Logic Flaw,,1
BRA_exp,0x6759db55a4edec4f6bedb5691fc42cf024be3a1a534ddcc7edd471ef205d4047,23-Jan,20231103,Lack of Access Control,,1
WiseLending03_exp,0x67d6c554314c9b306d683afb3bc4a10e70509ceb0fdf8415a5e270a91fae52de,24-Jan,20240129,Donate Inflation Attack,,1
Beanstalk_exp,0x68cdec0ac76454c3b0f7af0b8a3895db00adf6daaf3b50a99716858c4fa54c6f,22-Apr,20240926,Swap ETH/BTC 1/1 in Mint Function,,0
OSN_exp,0x69c64b226f8bf06216cc665ad5e3777ad1b120909326f120f0816ac65a9099c0,24-May,20240524,Business Logic Flaw,,1
DeltaPrime_exp,0x6a2f989b5493b52ffc078d0a59a3bf9727d134b403aa6e0bf309fd513a728f7f,24-Nov,20241111,Reentrancy,,1
Level_exp,0x6aef8bb501a53e290837d4398b34d5d4d881267512cfe78eb9ba7e59f41dad04,23-May,20230523,Oracle Price Manipulation,,1
CCV_exp,0x6ba4152db9da45f5751f2c083bf77d4b3385373d5660c51fe2e4382718afd9b4,23-Dec,20231228,Precision Loss,,1
APEMAGA_exp,0x6beb21b53f5b205c088570333ec875b720e333b49657f7026b01ed72b026851e,24-Jun,20240627,Business Logic Flaw,,1
DFX_exp,0x6bfd9e286e37061ed279e4f139fbc03c8bd707a2cdd15f7260549052cbba79b7,22-Nov,20221110,Reentrancy,,1
Yield_exp,0x6caa65b3fc5c8d4c7104574c3a15cd6208f742f9ada7d81ba027b20473137705,24-Apr,20230908,Business Logic Vulnerability,,1
MaestroRouter2_exp,0x6cba3a67d6b8de664d860b096c8c558a1d65e5fa9735c657ddc98f67969561a2,23-Oct,20231026,Arbitrary External Call,,1
EarningFram_exp,0x6e6e556a5685980317cb2afdb628ed4a845b3cbd1c98bdaffd0561cb2c4790fa,23-Aug,20230809,Reentrancy,,1
HundredFinance_2_exp,0x6e9ebcdebbabda04fa9f2e3bc21ea8b2e4fb4bf4f4670cb8483e2f0b2604f451,23-Apr,20230415,Donate Inflation ExchangeRate & Rounding Error,,1
SEAMAN_exp,0x6f1af27d08b10caa7e96ec3d580bf39e29fd5ece00abda7d8955715403bf34a8,22-Nov,20221129,Business Logic Flaw,,1
Phoenix_exp,0x6fa6374d43df083679cdab97149af8207cda2471620a06d3f28b115136b8e2c4,23-Mar,20230307,Access Control & Arbitrary External Call,,1
HoppyFrogERC_exp,0x6fb7f8e9eb09d6ae17dbe82b2b42f46f64fb9c3197438b68ecf03e832d5fc791,24-Apr,20240402,Business Logic Flaw,,1
ChannelsFinance_exp,0x711cc4ceb9701d317fe9aa47187425e16dae7d5a0113f1430e891018262f8fb5,23-Dec,20231231,CompoundV3 Inflation Attack,,1
EtnProduct_exp,0x72321a3b50bb68ac3b46b0ab973b0e87b6c48ab73d23c4ba2cb73527f978d995,22-Aug,20220804,Business Logic Flaw,,1
Bankroll_exp,0x725f0d65340c859e0f64e72ca8260220c526c3e0ccde530004160809f6177940,24-Sep,20240924,Business Logic Flaw,,1
FiberRouter_exp,0x7260ad0e4769ae68f0a680356c63140353c18d7be1b86a8c4e99a0fc3b6842c1,23-Nov,20231128,Input Validation,,1
GoodDollar_exp,0x726459a46839c915ee2fb3d8de7f986e3c7391c605b7a622112161a84c7384d0,23-Dec,20231216,Lack of Input Validation & Reentrancy,,1
SHIDO_exp,0x72f8dd2bcfe2c9fbf0d933678170417802ac8a0d8995ff9a56bfbabe3aa712d6,23-Jun,20230623,Business Logic,,1
EEE_exp,0x7312d9f9c13fc69f00f58e92a112a3e7f036ced7e65f7e0fa67382488d5557dc,23-Nov,20231130,Price Manipulation,,1
Libertify_exp,0x7320accea0ef1d7abca8100c82223533b624c82d3e8d445954731495d4388483,23-Jul,20230711,Reentrancy,,1
SNK_exp,0x7394f2520ff4e913321dd78f67dd84483e396eb7a25cbb02e06fe875fc47013a,23-May,20230510,Reward Calculation Error,,0
Contract_7657_exp,0x74279a131dccd6479378b3454ea189a6ce350cce51de47d81a0ef23db1b134d5,23-Jun,20230623,Flash Loan Attack,,1
VOW_exp,0x758efef41e60c0f218682e2fa027c54d8b67029d193dd7277d6a881a24b9a561,24-Aug,20240813,Misconfiguration,,1
ShibaToken_exp,0x75a26224da9faf37c2b3a4a634a096af7fec561f631a02c93e11e4a19d159477,23-Nov,20231117,Business Logic Flaw,,1
Miner_exp,0x75e3aeb00df69882a1b15d424e5e642650326ca3b923d7fd1922d57c51bc2c78,24-Feb,20240215,Lack of Validation Dst Address,,1
PancakeHunny_exp,0x765de8357994a206bb90af57dcf427f48a2021f2f28ca81f2c00bc3b9842be8e,21-Jun,20210603,Incorrect Calculation,,1
Umbrella_exp,0x784b68dc7d06ee181f3127d5eb5331850b5e690cc63dd099cd7b8dc863204bf6,22-Mar,20220321,Underflow,,1
TeamFinance_exp,0x79ec728612867b3d82c0e7401e6ee1c533b240720c749b3968dea1464e59b2c4,22-Oct,20221029,Liquidity Migration Exploit,,1
WiseLending_exp,0x7ac4a98599596adbf12fffa2bd23e2a2d2ac7e8989b6ea043fcc412a29126555,23-Oct,20231013,Donate Inflation Attack,,1
PANDORA_exp,0x7c5a909b45014e35ddb89697f6be38d08eff30e7c3d3d553033a6efc3b444fdd,24-Feb,20240208,Integer Underflow,,1
SellToken_exp,0x7d04e953dad4c880ad72b655a9f56bc5638bf4908213ee9e74360e56fa8d7c6a,23-May,20230611,Price Manipulation,,1
Nmbplatform_exp,0x7d2d8d2cda2d81529e0e0af90c4bfb39b6e74fa363c60b031d719dd9d153b012,22-Dec,20221215,Flashloan Price Manipulation,,1
SATX_exp,0x7e02ee7242a672fb84458d12198fae4122d7029ba64f3673e7800d811a8de93f,24-Apr,20240416,Logic Flaw,,1
Penpiexyzio_exp,0x7e7f9548f301d3dd863eac94e6190cb742ab6aa9d7730549ff743bf84cbd21d1,24-Sep,20240904,Reentrancy and Reward Manipulation,,0
AUR_exp,0x7f031e8543e75bd5c85168558be89d2e08b7c02a32d07d76517cdbb10e279782,22-Nov,20230703,Invalid Signature Verification,1,1
SpaceGodzilla_exp,0x7f183df11f1a0225b5eb5bb2296b5dc51c0f3570e8cc15f0754de8e6f8b4cca4,22-Jul,20220713,Flashloans & Price Manipulation,,1
Erc20transfer_exp,0x7f2540af4a1f7b0172a46f5539ebf943dd5418422e4faa8150d3ae5337e92172,24-Oct,20241022,Access Control,,1
Ploutoz_exp,0x7fe46c2746855dd57e18f4d33522849ff192e4e26c74835799ba8dab89099457,21-Nov,20211123,Flash Loan,,1
GYMNET_exp,0x7fe96c00880b329aa0fcb00f0ef3a0766c54e13965becf9cc5e0df6fbd0deca6,23-Jul,20230731,Insufficient Validation,,1
Allbridge_exp,0x7ff1364c3b3b296b411965339ed956da5d17058f3164425ce800d64f1aef8210,23-Apr,20240306,Public Internal Function,,1
DEPUSDT_LEVUSDC_exp,0x800a5b3178f680feebb81af69bd3dff791b886d4ce31615e601f2bb1f543bb2e,23-Jun,20230615,Incorrect Access Control,,1
N00d_exp,0x8037b3dc0bf9d5d396c10506824096afb8125ea96ada011d35faa89fa3893aea,22-Oct,20221026,Reentrancy,,1
LuckyTiger_exp,0x804ff3801542bff435a5d733f4d8a93a535d73d0de0f843fd979756a7eab26af,22-Aug,20220822,Price Manipulation,,1
3913_exp,0x8163738d6610ca32f048ee9d30f4aa1ffdb3ca1eddf95c0eba086c3e936199ed,23-Nov,20231102,Deflationary Token Attack,,1
TecraSpace_exp,0x81e9918e248d14d78ff7b697355fd9f456c6d7881486ed14fdfb69db16631154,22-Feb,20220204,Any Token is Destroyed,,1
UEarnPool_exp,0x824de0989f2ce3230866cb61d588153e5312151aebb1e905ad775864885cd418,22-Nov,20221117,Flashloan Attack,,1
GROKD_exp,0x8293946b5c88c4a21250ca6dc93c6d1a695fb5d067bb2d4aed0a11bd5af1fb32,24-Apr,20240413,Lack of Access Control,,1
Audius_exp,0x82fc23992c7433fffad0e28a1b8d11211dc4377de83e88088d79f24f4a3f28b3,22-Jul,20221122,Lack of Permission Check,,0
PLTD_exp,0x8385625e9d8011f4ad5d023d64dc7985f0315b6a4be37424c7212fe4c10dafe0,22-Oct,20221018,Transfer Logic Flaw,,1
MineSTM_exp,0x849ed7f687cc2ebd1f7c4bed0849893e829a74f512b7f4a18aea39a3ef4d83b1,24-Jun,20240606,Business Logic Flaw,,1
HCT_exp,0x84bd77f25cc0db493c339a187c920f104a69f89053ab2deabb93c35220e6dfc0,23-Sep,20230907,Price Manipulation,,1
VISTA_exp,0x84c385aab658d86b64e132e8db0c092756d5a9331a1131bf05f8214d08efba56,24-Oct,20241022,Flashmint Receive Error,,1
bzx_exp,0x85dc2a433fd9eaadaf56fd8156c956da23fc17e5ef83955c7e2c4c37efa20bb5,20-Sep,20200920,Flash Loan Attack,,1
XST_exp,0x873f7c77d5489c1990f701e9bb312c103c5ebcdcf0a472db726730814bfd55f3,22-Aug,20220810,Incorrect Logic Check,,1
Bamboo_exp,0x88a6c2c3ce86d4e0b1356861b749175884293f4302dbfdbfb16a5e373ab58a10,23-Jul,20230723,Access Control Flaw,,1
PancakeBunny_exp,0x88fcffc3256faac76cde4bbd0df6ea3603b1438a5a0409b2e2b91e7c2ba3371a,21-May,20210519,Price Oracle Manipulation,,1
PancakeBunny_exp,0x897c2de73dd55d7701e1b69ffb3a17b0f4801ced88b0c75fe1551c5fcce6a979,21-May,20210520,Price Oracle Manipulation,,1
SELLC02_exp,0x8a453c61f0024e8e11860729083088507a02a38100da8b0c3b2d558788662fa0,23-May,20230513,Price Manipulation,,1
NUM_exp,0x8a8145ab28b5d2a2e61d74c02c12350731f479b3175893de2014124f998bff32,22-Nov,20221123,Protocol Token Incompatible,,1
Astrid_exp,0x8af9b5fb3e2e3df8659ffb2e0f0c1f4c90d5a80f4f6fccef143b823ce673fb60,23-Oct,20231028,Business Logic Flaw,,1
SheepFarm2_exp,0x8b3e0e3ea04829f941ca24c85032c3b4aeb1f8b1b278262901c2c5847dc72f1c,22-Nov,20221122,Business Logic Flaw,,0
EHX_exp,0x8b528372b743b4b8c4eb0904c96529482653187c19e13afaa22f3ba4e08fbfbb,23-Nov,20231115,Lack of Slippage Control,,1
Conic_exp,0x8b74995d1d61d3d7547575649136b8765acb22882960f0636941c44ec7bbe146,23-Jul,20230721,Read-only Reentrancy & Misconfiguration,,1
NewFreeDAO_exp,0x8b77d75efa185295b09bdf2edcb509541fdde40ed5484212331ceac41b2f4ac0,22-Sep,20220909,Flashloans Attack,,1
Templedao_exp,0x8c3f442fc6d640a6ff3ea0b12be64f1d4609ea94edd2966f42c01cd9bdcf04b5,22-Oct,20221011,Insufficient Access Control,,0
Pawnfi_exp,0x8d3036371ccf27579d3cb3d4b4b71e99334cae8d7e8088247517ec640c7a59a5,23-Jun,20230617,Business Logic Flaw,,1
ApeDAO_exp,0x8d35dfd9968ce61fb969ffe8dcc29eeeae864e466d2cb0b7d26ce63644691994,23-Jul,20230718,Business Logic Flaw,,1
RedKeysCoin_exp,0x8d5fb97b35b830f8addcf31c8e0c6135f15bbc2163d891a3701ada0ad654d427,24-May,20240527,Weak RNG,,1
HeavensGate_exp,0x8e1b0ab098c4cc5f632e00b0842b5f825bbd15ded796d4a59880bb724f6c5372,23-Sep,20230905,Rebasing Logic Issue,,1
BFCToken_exp,0x8ee76291c1b46d267431d2a528fa7f3ea7035629500bba4f87a69b88fcaf6e23,23-Sep,20230322,Reflection Token,,1
NGFS_exp,0x8ff764dde572928c353716358e271638fa05af54be69f043df72ad9ad054de25,24-Apr,20240425,Bad Access Control,,0
XBridge_exp,0x903d88a92cbc0165a7f662305ac1bff97430dbcccaa0fe71e101e18aa9109c92,24-Apr,20240424,Logic Flaw,,1
SELLC_exp,0x904e48ccc1a1eada85f2e3a6444debc428c55f8652ebbebe26e77d02be2902bf,23-May,20230513,Business Logic Flaw,,1
CS_exp,0x906394b2ee093720955a7d55bff1666f6cf6239e46bea8af99d6352b9687baa4,23-May,20211027,Price Manipulation,,1
CowSwap_exp,0x90b468608fbcc7faef46502b198471311baca3baab49242a4a85b73d4924379b,23-Feb,20230207,Arbitrary External Call Vulnerability,,0
OTSeaStaking_exp,0x90b4fcf583444d44efb8625e6f253cfcb786d2f4eda7198bdab67a54108cd5f4,24-Sep,20240913,Logic Flaw,,1
UwuLend_Second_exp,0x9235e0662e230bdfa94f56f4932fd09a95fea17e4b9b44a4f40a59449e216110,24-Jun,20240624,Business Logic Flaw,,1
UnizenIO_exp,0x923d1d63a1165ebd3521516f6d22d015f2e1b4b22d5dc954152b6c089c765fcd,24-Mar,20240309,Unverified External Call,,1
RoeFinance_exp,0x927b784148b60d5233e57287671cdf67d38e3e69e5b6d0ecacc7c1aeaa98985b,23-Jan,20230111,Flashloan Price Manipulation,,1
DoughFina_exp,0x92cdcc732eebf47200ea56123716e337f6ef7d5ad714a2295794fdc6031ebb2e,24-Jul,20240712,Incorrect Input Validation,,1
Sonne_exp,0x9312ae377d7ebdf3c7c3a86f80514878deb5df51aad38b6191d55db53e42b7f0,24-May,20240515,Precision Loss,,1
ChannelsFinance_exp,0x93372ce9c86a25f1477b0c3068e745b5b829d5b58025bb1ab234230d3473b776,23-Dec,20231232,CompoundV4 Inflation Attack,,1
UFDao_exp,0x933d19d7d822e84e34ca47ac733226367fbee0d9c0c89d88d431c4f99629d77a,23-Jan,20230111,Incorrect Parameter Setting,,1
CIVNFT_exp,0x93a033917fcdbd5fe8ae24e9fe22f002949cba2f621a1c43a54f6519479caceb,23-Jul,20230708,Lack of Access Control,,1
TransitFinance_exp,0x93ae5f0a121d5e1aadae052c36bc5ecf2d406d35222f4c6a5d63fef1d6de1081,23-Dec,20231220,Lack of Validation Pool,,1
BigBangSwap_exp,0x94055664287a565d4867a97ba6d5d2e28c55d10846e3f83355ba84bd1b9280fc,24-Apr,20240424,Business Logic Flaw,,1
Cellframe_exp,0x943c2a5f89bc0c17f3fe1520ec6215ed8c6b897ce7f22f1b207fea3f79ae09a6,23-Jun,20230601,Calculation Issues During Liquidity Migration,,1
SATURN_exp,0x948132f219c0a1adbffbee5d9dc63bec676dd69341a6eca23790632cb9475312,24-May,20240507,Price Manipulation,,1
PeapodsFinance_exp,0x95c1604789c93f41940a7fd9eca11276975a9a65d250b89a247736287dbd2b7e,24-Jan,20240128,Reentrancy,,1
LW_exp,0x96a955304fed48a8fbfb1396ec7658e7dc42b7c140298b80ce4206df34f40e8d,24-Jul,20240708,Integer Underflow,,1
LW_exp,0x96b34dc3a98cd4055a984132d7f3f4cc5a16b2525113b8ef83c55ac0ba2b3713,23-May,20230512,Flashloan Price Manipulation,,1
DaoMaker_exp,0x96bf6bd14a81cf19939c0b966389daed778c3a9528a6c5dd7a4d980dec966388,21-Sep,20210903,Bad Access Control,,1
FireBirdPair_exp,0x96d80c609f7a39b45f2bb581c6ba23402c20c2b6cd528317692c31b8d3948328,23-Sep,20230930,Lack Slippage Protection,,1
Bmizapper_exp,0x97201900198d0054a2f7a914f5625591feb6a18e7fc6bb4f0c964b967a6c15f6,24-Jan,20230718,Invalid Emergency Withdraw Mechanism,,1
BarleyFinance_exp,0x995e880635f4a7462a420a58527023f946710167ea4c6c093d7d193062a33b01,24-Jan,20221205,Flashloan Price Manipulation,,1
ALP_exp,0x9983ca8eaee9ee69629f74537eaf031272af75f1e5a7725911d8b06df17c67ca,24-Mar,20220809,Skim Token Balance,,1
UnverifiedContr_00C409_exp,0x998f1da472d927e74405b0aa1bbf5c1dbc50d74b39977bed3307ea2ada1f1d3f,24-Apr,20240417,Unverified External Call,,1
DePayRouter_exp,0x9a036058afb58169bfa91a826f5fcf4c0a376e650960669361d61bef99205f35,23-Oct,20231005,Business Logic Flaw,,1
RodeoFinance_exp,0x9a462209e573962f2654cac9bfe1277abe443cf5d1322ffd645925281fe65a2e,23-Jul,20230712,TWAP Oracle Manipulation,,1
SBT_exp,0x9a8c4c4edb7a76ecfa935780124c409f83a08d15c560bb67302182f8969be20d,24-Jul,20240711,Business Logic Flaw,,1
Rubic_exp,0x9a97d85642f956ad7a6b852cf7bed6f9669e2c2815f3279855acf7f1328e7d46,22-Dec,20221225,Arbitrary External Call Vulnerability,,1
P719Token_exp,0x9afcac8e82180fa5b2f346ca66cf6eb343cd1da5a2cd1b5117eb7eaaebe953b3,24-Oct,20241011,Price Manipulation Inflate Attack,,1
PancakeBunny_exp,0x9c48fd13d65f5f951882282444a45a7b84c4f673891bbdcc48af68ed305950bb,21-May,20210521,Price Oracle Manipulation,,1
OrbitChain_exp,0x9d1351ca4ede8b36ca9cd9f9c46e3b08890d13d94dfd3074d9bb66bbcc2629b1,24-Jan,20240101,Incorrect Input Validation,,1
ATK_exp,0x9e328f77809ea3c01833ec7ed8928edb4f5798c96f302b54fc640a22b3dd1a52,22-Oct,20221014,Flashloan Manipulate Price,,1
FIL314_exp,0x9f2eb13417190e5139d57821422fc99bced025f24452a8b31f7d68133c9b0a6c,24-Apr,20240412,Insufficient Validation and Price Manipulation,,1
Polynomial_exp,0x9f34ae044cbbf3f1603769dcd90163add48348dde7e1dda41817991935ebfa2f,22-Nov,20221118,No Input Validation,,1
BEGO_exp,0x9f4ef3cc55b016ea6b867807a09f80d1b2e36f6cd6fccfaf0182f46060332c57,22-Oct,20230909,Business Logic Flaw,,1
SQUID_exp,0x9fcf38d0af4dd08f4d60f7658b623e35664e74bca0eaebdb0c3b9a6965d6257b,24-Apr,20240424,Business Logic Flaw,,1
BIGFI_exp,0x9fe19093a62a7037d04617b3ac4fbf5cb2d75d8cb6057e7e1b3c75cbbd5a5adc,23-Mar,20230513,Business Logic Flaw,,1
ValueDefi_exp,0xa00def91954ba9f1a1320ef582420d41ca886d417d996362bf3ac3fe2bfb9006,21-May,20210508,Cross-contract Reentrancy,,1
BonqDAO_exp,0xa02d0c3d16d6ee0e0b6a42c3cc91997c2b40c87d777136dedebe8ee0f47f32b1,23-Feb,20221110,Arbitrary External Call Vulnerability,,1
TGBS_exp,0xa0408770d158af99a10c60474d6433f4c20f3052e54423f4e590321341d4f2a4,24-Mar,20240324,Logic Flaw,,1
BXH_exp,0xa13c8c7a0c97093dba3096c88044273c29cebeee109e23622cd412dcca8f50f4,22-Sep,20220929,Flashloan & Price Oracle Manipulation,,1
NST_exp,0xa1f2377fc6c24d7cd9ca084cafec29e5d5c8442a10aae4e7e304a4fbf548be6d,23-Jun,20230602,Unverified Contract Wrong Approval,,1
OLIFE_exp,0xa21692ffb561767a74a4cbd1b78ad48151d710efab723b1efa5f1e0147caab0a,23-Apr,20230419,Reflection Token,,1
DeFiPlaza_exp,0xa245deda8553c6e4c575baff9b50ef35abf4c8f990f8f36897696f896f240e3a,24-Jul,20240705,Loss of Precision,,1
FloorProtocol_exp,0xa329b27fbe0f7b7f92060a9e5370fdf03d60e5c4835f09d7234e5bbecf417ccf,23-Dec,20231217,Business Logic Flaw,,1
CFC_exp,0xa3c130ed8348919f73cbefce0f22d46fa381c8def93654e391ddc95553240c1e,23-Jun,20230615,Uniswap Skim Token Balance Attack,,1
TeamFinance_exp,0xa3cbbdd2494f6d5452de8edc5c8c32f316abc40140a63769a22e04cd2549963b,22-Oct,20221030,Liquidity Migration Exploit,,0
QuantumWN_exp,0xa4659632a983b3bfd1b6248fd52d8f247a9fcdc1915f7d38f01008cff285d0bf,23-Sep,20230905,Rebasing Logic Issue,,1
NomadBridge_exp,0xa5fe9d044e4f3e5aa5bc4c0709333cd2190cba0f4e7f16bcf73f49f83e4a5460,22-Aug,20220803,Business Logic Flaw & Incorrect Acceptable Merkle Root Checks,,1
NORMIE_exp,0xa618933a0e0ffd0b9f4f0835cc94e523d0941032821692c01aa96cd6f80fc3fd,24-May,20240527,Business Logic Flaw,,1
Carrot_exp,0xa624660c29ee97f3f4ebd36232d8199e7c97533c9db711fa4027994aa11e01b9,22-Oct,20221010,Public FunctionCall,,1
BarleyFinance_exp,0xa685928b5102349a5cc50527fec2e03cb136c233505471bdd4363d0ab077a69a,24-Jan,20221206,Flashloan Price Manipulation,,0
Orion_exp,0xa6f63fcb6bec8818864d96a5b1bb19e8bd85ee37b2cc916412e720988440b2aa,23-Feb,20230203,Reentrancy,,1
OmniEstate_exp,0xa916674fb8203fac6d78f5f9afc604be468a514aa61ea36c6d6ef26ecfbd0e97,23-Jan,20230118,No Input Parameter Check,,1
TCH_exp,0xa94338d8aa312ed4b97b2a4dcb27f632b1ade6f3abec667e3bf9f002a75dabe0,24-May,20240518,Signature Malleability Vulnerability,,1
MaestroRouter2_exp,0xa9948c8f0500a867091a090d12125f88868ac29e52af6391569094e82d416904,23-Oct,20231027,Arbitrary External Call,,1
HYDT_exp,0xa9df1bd97cf6d4d1d58d3adfbdde719e46a1548db724c2e76b4cd4c3222f22b3,24-Oct,20241010,Oracle Price Manipulation,,1
Sentiment_exp,0xa9ff2b587e2741575daf893864710a5cbb44bb64ccdc487a100fa20741e0f74d,23-Apr,20230405,Read-only Reentrancy,,1
BarleyFinance_exp,0xaaa197c7478063eb1124c8d8b03016fe080e6ec4c4f4a4e6d7f09022084e3390,24-Jan,20221207,Flashloan Price Manipulation,,0
MUMUG_exp,0xab39a17cdc200c812ecbb05aead6e6f574712170eafbd73736b053b168555680,22-Dec,20221210,Flashloan Price Manipulation,,1
XCarnival_exp,0xabfcfaf3620bbb2d41a3ffea6e31e93b9b5f61c061b9cfc5a53c74ebe890294d,22-Jun,20220627,Infinite Loan Vulnerability,,1
BBOX_exp,0xac57c78881a7c00dfbac0563e21b5ae3a8e3f9d1b07198a27313722a166cc0a3,22-Dec,20221105,Business Logic Flaw,,1
BurgerSwap_exp,0xac8a739c1f668b13d065d56a03c37a686e0aa1c9339e79fcbc5a2d0a6311e333,21-May,20240205,Price Manipulation,,1
SNK_exp,0xace112925935335d0d7460a2470a612494f910467e263c7ff477221deee90a2c,23-May,20230511,Reward Calculation Error,,0
PolyNetwork_exp,0xad7a2c70c958fcd3effbf374d0acf3774a9257577625ae4c838e24b0de17602a,21-Aug,20210811,Bridge Getting Around Modifier Through Cross-chain Message,,1
EHIVE_exp,0xad818ec910def08c70ac519ab0fffa084b4178014a91cd8aa2f882d972a511c1,23-Aug,20230821,Business Logic Flaw,,1
BEC_exp,0xad89ff16fd1ebe3a0a7cf4ed282302c06626c1af33221ebe0d3a470aba4a660f,18-Apr,20230130,Reflection Token,,0
LendfMe_exp,0xae7d664bdfcc54220df4f18d339005c6faf6e62c9ca79c56387bc0389274363b,20-Apr,20200419,ERC777 Reentrancy,,1
HEALTH_exp,0xae8ca9dc8258ae32899fe641985739c3fa53ab1f603973ac74b424e165c66ccf,22-Oct,20221020,Transfer Logic Flaw,,1
CompoundUni_exp,0xaee0f8d1235584a3212f233b655f87b89f22f1d4890782447c4ef742b37af58d,24-Feb,20240223,Oracle Bad Price,,1
LaunchZone_exp,0xaee8ef10ac816834cd7026ec34f35bdde568191fe2fa67724fcf2739e48c3cae,23-Feb,20230227,Access Control,,1
VINU_exp,0xaf46a42fe1ed7193b25c523723dc047c7500e50a00ecb7bbb822d665adb3e1f3,23-Jun,20230606,Price Manipulation,,1
bZx_exp,0xb072f2e88058c147d8ff643694b43a42e36525b7173ce1daf76e6c06170b0e77,23-Dec,20200913,Incorrect Transfer,,1
DEI_exp,0xb1141785b7b94eb37c39c37f0272744c6e79ca1517529fec3f4af59d4c3c37ef,23-May,20230505,Wrong Implementation,,1
ATK_exp,0xb181e88e6b37ee9986f2a57aefb94779402fdb928654aa7c1dda5138b90d0e14,22-Oct,20221015,Flashloan Manipulate Price,,0
NovaXM2E_exp,0xb1ad1188d620746e2e64785307a7aacf2e8dbda4a33061a4f2fbc9721048e012,24-Aug,20240806,Price Manipulation,,1
RodeoFinance_exp,0xb1be5dee3852c818af742f5dd44def285b497ffc5c2eda0d893af542a09fb25a,23-Jul,20230713,TWAP Oracle Manipulation,,1
PolyNetwork_exp,0xb1f70464bd95b774c6ce60fc706eb5f9e35cb5f06e6cfe7c17dcda46ffd59581,21-Aug,20210812,Bridge Getting Around Modifier Through Cross-chain Message,,0
TeamFinance_exp,0xb2e3ea72d353da43a2ac9a8f1670fd16463ab370e563b9b5b26119b2601277ce,22-Oct,20221031,Liquidity Migration Exploit,,0
IT_exp,0xb33057f57ce451aa8cbb65508d298fe3c627509cc64a394736dace2671b6dcfa,24-Mar,20240313,Business Logic Flaw,,1
ElasticSwap_exp,0xb36486f032a450782d5d2fac118ea90a6d3b08cac3409d949c59b43bcd6dbb8f,22-Dec,20221213,Business Logic Flaw,,1
SDAO_exp,0xb3ac111d294ea9dedfd99349304a9606df0b572d05da8cedf47ba169d10791ed,22-Nov,20221121,Business Logic Flaw,,1
AUR_exp,0xb3bc6ca257387eae1cea3b997eb489c1a9c208d09ec4d117198029277468e25d,22-Nov,20230529,Lack Slippage Protection,,1
LavaLending_exp,0xb5cfa4ae4d6e459ba285fec7f31caf8885e2285a0b4ff62f66b43e280c947216,24-Oct,20241002,Price Manipulation,,1
BadGuysbyRPF_exp,0xb613c68b00c532fe9b28a50a91c021d61a98d907d0217ab9b44cd8d6ae441d9f,22-Sep,20230827,Rounding Error & Business Logic Flaw,,0
Spartan_exp,0xb64ae25b0d836c25d115a9368319902c972a0215bd108ae17b1b9617dfb93af8,21-May,20210502,Logic Flaw,,0
UnverifiedContr_431abb_exp,0xb650e9f4b9eb023ea65b55ca4d088323e3d5bda377880dedb149a7fd3fd5c15f,23-Dec,20231201,Business Logic Flaw,,1
NewFreeDAO_exp,0xb6f9b5ef1feeadb379a2de8f79bb04dd6920bfb214136d057eed4ce23a0003f8,22-Sep,20220910,Flashloans Attack,,0
GPT_exp,0xb77cb34cd01204bdad930d8c172af12462eef58dea16199185b77147d6533391,23-May,20230525,Fee Mechanism Exploitation,,1
UEarnPool_exp,0xb83f9165952697f27b1c7f932bcece5dfa6f0d2f9f3c3be2bb325815bfd834ec,22-Nov,20221118,Flashloan Attack,,1
LW_exp,0xb846f3aeb9b3027fe138b23bbf41901c155bd6d4b24f08d6b83bd37a975e4e4a,23-May,20230513,Flashloan Price Manipulation,,1
Market_exp,0xb8efe839da0c89daa763f39f30577dc21937ae351c6f99336a0017e63d387558,22-Oct,20221022,Price Manipulation,,1
BEVO_exp,0xb97502d3976322714c828a890857e776f25c79f187a32e2d548dda1c315d2a7d,23-Jan,20231011,Price Manipulation,,1
xWin_exp,0xba0fa8c150b2408eec9bbbbfe63f9ca63e99f3ff53ac46ee08d691883ac05c1d,21-Jun,20210625,Incentive Mechanism Flaw,,1
Dyson_money_exp,0xbac614f4d103939a9611ca35f4ec9451e1e98512d573c822fbff70fafdbbb5a0,24-Jun,20240617,Business Logic Flaw,,1
BabyDogeCoin02_exp,0xbaf3e4841614eca5480c63662b41cd058ee5c85dc69198b29e7ab63b84bc866c,23-Jun,20220902,Business Logic Flaw & Missing Check for Number of NFT to Mint,,0
Leetswap_exp,0xbb837d417b76dd237b4418e1695a50941a69259a1c4dee561ea57d982b9f10ec,23-Aug,20230801,Access Control,,1
bot_exp,0xbc08860cd0a08289c41033bdc84b2bb2b0c54a51ceae59620ed9904384287a38,23-Nov,20231123,Access Control Flaw,,1
ZS_exp,0xbc88aa6057f9da6f88e28bc908baad111ae7545e69fb0c90fbdfd485c9e72192,23-Oct,20231008,Business Logic Flaw,,1
APC_exp,0xbcaecea2044101c80f186ce5327bec796cd9e054f0c240ddce93e2aead337370,22-Dec,20221201,Flashloan & Price Manipulation,,1
DAppSocial_exp,0xbd72bccec6dd824f8cac5d9a3a2364794c9272d7f7348d074b580e3c6e44312e,23-Sep,20230902,Business Logic Flaw,,1
XSDWETHpool_exp,0xbdf76f22c41fe212f07e24ca7266d436ef4517dc1395077fabf8125ebe304442,23-Sep,20230926,Reentrancy,,1
PredyFinance_exp,0xbe163f651d23f0c9e4d4a443c0cc163134a31a1c2761b60188adcfd33178f50f,24-May,20240514,Reentrancy,,1
LocalTrader_exp,0xbea605b238c85aabe5edc636219155d8c4879d6b05c48091cf1f7286bd4702ba,23-May,20230527,Improper Access Control of Close Source Contract,,0
UnverifiedContr_431abb_exp,0xbeea4ff215b15870e22ed0e4d36ccd595974ffd55c3d75dad2230196cc379a52,23-Dec,20231202,Business Logic Flaw,,1
DN404_exp,0xbeef09ee9d694d2b24f3f367568cc6ba1dad591ea9f969c36e5b181fd301be82,24-Feb,20240224,Price Manipulation,,1
DeezNutz404_exp,0xbeefd8faba2aa82704afe821fd41b670319203dd9090f7af8affdf6bcfec2d61,24-Feb,20240221,Lack of Validation,,1
OSN_exp,0xbf22eabb5db8785642ba17930bddef48d0d1bb94ebd1e03e7faa6f2a3d1a5540,24-May,20240524,Business Logic Flaw,,1
RBalancer_exp,0xbf5b2d22fa88965ddfc6e6d685fc7cfc683340c49e126386759ed9e4027b1415,23-Nov,20231107,Business Logic Flaw,,1
MaestroRouter2_exp,0xc087fbd68b9349b71838982e789e204454bfd00eebf9c8e101574376eb990d92,23-Oct,20231028,Arbitrary External Call,,1
DYNA_exp,0xc09678fec49c643a30fc8e4dec36d0507dae7e9123c270e1f073d335deab6cf0,23-Feb,20230223,Business Logic Flaw,,1
SwarmMarkets_exp,0xc0be8c3792a5b1ba7d653dc681ff611a5b79a75fe51c359cf1aac633e9441574,24-Feb,20240222,Lack of Validation,,1
Z123_exp,0xc0c4e99a76da80a4cf43d3110364840151226c0a197c1728bb60dc3f1b3a6a27,24-Apr,20230528,Access Control Flaw,,1
BH_exp,0xc11e4020c0830bcf84bfa197696d7bfad9ff503166337cb92ea3fade04007662,23-Oct,20230630,V3Migrator Exploit,,1
Will_exp,0xc12ccc3bdaf3f0ec1efa09d089a0c1dbad05519e1eb0fa6475ffcc6317cbde4d,24-Jun,20240628,Business Logic Flaw,,1
XaveFinance_exp,0xc18ec2eb7d41638d9982281e766945d0428aaeda6211b4ccb6626ea7cff31f4a,22-Oct,20221009,Malicious Proposal Mint & Transfer Ownership,,1
VTF_exp,0xc2d2d7164a9d3cfce1e1dac7dc328b350c693feb0a492a6989ceca7104eef9b7,22-Oct,20221027,Incorrect Reward Calculation,,0
Euler_exp,0xc310a0affe2169d1f6feec1c63dbc7f7c62a887fa48795d327d4d2da2d6b111d,23-Mar,20230313,Business Logic Flaw,,1
Novo_exp,0xc346adf14e5082e6df5aeae650f3d7f606d7e08247c2b856510766b4dfcdc57f,22-May,20220529,Flashloan & Price Oracle Manipulation,,1
Civfund_exp,0xc42fc0e22a0f60cc299be80eb0c0ddce83c21c14a3dddd8430628011c3e20d6b,23-Jul,20230708,Lack of Access Control,,1
uniclyNFT_exp,0xc42fe1ce2516e125a386d198703b2422aa0190b25ef6a7b0a1d3c6f5d199ffad,23-Sep,20230916,Reentrancy,,1
MaestroRouter2_exp,0xc49499325cb5ad3bf4391ae95855ce2ee2b0222f9282c524daa1c4586a8fcd8b,23-Oct,20231029,Arbitrary External Call,,1
Lodestar_exp,0xc523c6307b025ebd9aef155ba792d1ba18d5d83f97c7a846f267d3d9a3004e8c,22-Dec,20221222,Oracle Price Manipulation,,1
SocketGateway_exp,0xc6c3331fa8c2d30e1ef208424c08c039a89e510df2fb6ae31e5aa40722e28fd6,24-Jan,20240112,Lack of Calldata Validation,,1
Defrost_exp,0xc6fb8217e45870a93c25e2098f54f6e3b24674a3083c30664867de474bf0212d,22-Dec,20221223,Reentrancy,,1
cftoken_exp,0xc7647406542f8f2473a06fea142d223022370aa5722c044c2b7ea030b8965dd0,22-Apr,20220422,Oracle Price Manipulation,,1
OSN_exp,0xc7927a68464ebab1c0b1af58a5466da88f09ba9b30e6c255b46b1bc2e7d1bf09,24-May,20240524,Business Logic Flaw,,1
Juice_exp,0xc9b2cbc1437bbcd8c328b6d7cdbdae33d7d2a9ef07eca18b4922aac0430991e7,24-Mar,20240309,Business Logic Flaw,,0
AES_exp,0xca4d0d24aa448329b7d4eb81be653224a59e7b081fc7a1c9aad59c5a38d0ae19,22-Dec,20221207,Deflationary Token & Business Logic Flaw,,1
ArcadiaFi_exp,0xca7c1a0fde444e1a68a8c2b8ae3fb76ec384d1f7ae9a50d26f8bfdd37c7a0afe,23-Jul,20230723,Business Logic Flaw,,1
LavaLending_exp,0xcb1a2f5eeb1a767ea5ccbc3665351fadc1af135d12a38c504f8f6eb997e9e603,24-Mar,20240328,Business Logic Flaw,,1
UniBot_exp,0xcbe521aea28911fe9983030748028e12541e347b8b6b974d026fa5065c22f0cf,23-Oct,20231031,Arbitrary External Call,,1
RFB_exp,0xcc8fdb3c6af8bb9dfd87e913b743a13bbf138a143c27e0f387037887d28e3c7a,22-Dec,20221205,Predicting Random Numbers,,1
BabySwap_exp,0xcca7ea9d48e00e7e32e5d005b57ec3cac28bc3ad0181e4ca208832e62aa52efe,22-Oct,20200628,Token Incompatible,,1
NeverFall_exp,0xccf513fa8a8ed762487a0dcfa54aa65c74285de1bc517bd68dbafa2813e4b7cb,23-May,20230503,Price Manipulation,,1
BTC20_exp,0xcdd93e37ba2991ce02d8ca07bf6563bf5cd5ae801cbbce3dd0babb22e30b2dbe,23-Aug,20210527,Mathematical Flaw & Reentrancy,,1
DFS_exp,0xcddcb447d64c2ce4b3ac5ebaa6d42e26d3ed0ff3831c08923c53ea998f598a7c,22-Dec,20221230,Insufficient Validation & Flashloan,,1
Channels_exp,0xcf729a9392b0960cd315d7d49f53640f000ca6b8a0bd91866af5821fdf36afc5,23-Dec,20231231,Price Manipulation,,1
CitadelFinance_exp,0xcf75802229d440e4fbabb4d357fa1886c25e9a6b5c693e9e9573c71c15e2b0d3,24-Jan,20240127,Price Manipulation,,1
ADC_exp,0xcf834aff4de9992f5da9c443600dad9c6277a8a00de5007842fece51564992db,24-Feb,20240202,Incorrect Access Control,,1
MaestroRouter2_exp,0xcfe1d2b333e1b9da5e2d5f1d7697b628c818cc41f9f3020187d4ce2c2610a05c,23-Oct,20231030,Arbitrary External Call,,1
CompounderFinance_exp,0xcff84cc137c92e427f720ca1f2b36fbad793f34ec5117eed127060686e6797b1,23-Jun,20230607,Manipulation of Funds Through Fluctuations,,1
UPS_exp,0xd03702e17171a32464ce748b8797008d59e2dbcecd3b3847d5138414566c886d,24-Apr,20240409,Business Logic Flaw,,1
Babyloogn_exp,0xd081d6bb96326be5305a6c00dd51d1799971794941576554341738abc1ceb202,24-Feb,20240224,Oracle Price Manipulation,,1
Moonhacker_exp,0xd12016b25d7aef681ade3dc3c9d1a1cc12f35b2c99953ff0e0ee23a59454c4fe,24-Dec,20241223,Improper Input Validation,,1
GHT_exp,0xd17266bcdf30cbcbd7d0b5a006f43141981aeee2e1f860f68c9a1805ecacbc68,24-Mar,20240307,Business Logic Flaw,,1
FireToken_exp,0xd20b3b31a682322eb0698ecd67a6d8a040ccea653ba429ec73e3584fa176ff2b,24-Oct,20241001,Pair Manipulation with Transfer Function,,1
ChaingeFinance_exp,0xd348b5fc00b26fc1457b70d02f9cb5e5a66a564cc4eba2136a473866a47dac08,24-Apr,20240418,Arbitrary External Call,,1
ElephantStatus_exp,0xd423ae0e95e9d6c8a89dcfed243573867e4aad29ee99a9055728cbbe0a523439,23-Dec,20231206,Price Manipulation,,1
CurveBurner_exp,0xd493c73397952049644c531309df3dd4134bf3db1e64eb6f0b68b016ee0bffde,23-Aug,20230802,Lack Slippage Protection,,1
BCT_exp,0xd4c19d575ea5b3a415cc288ce09942299ca3a3b49ef9718cda17e4033dd4c250,23-Dec,20231223,Oracle Price Manipulation,,1
Bankroll_exp,0xd4c7c11c46f81b6bf98284e4921a5b9f0ff97b4c71ebade206cb10507e4503b0,24-Sep,20240924,Business Logic Flaw,,1
JAY_exp,0xd4fafa1261f6e4f9c8543228a67caf9d02811e4ad3058a2714323964a8db61f6,22-Dec,20221229,Insufficient Validation & Reentrancy,,1
YearnFinance_exp,0xd55e43c1602b28d4fd4667ee445d570c8f298f5401cf04e62ec329759ecda95d,23-Apr,20230405,Misconfiguration,,1
TheNFTV2_exp,0xd5b4d68432cbbd912130bbb5b93399031ddbb400d8f723c78050574de7533106,23-Nov,20231125,Logic Flaw,,1
JPulsepot_exp,0xd6ba15ecf3df9aaae37450df8f79233267af41535793ee1f69c565b50e28f7da,25-Jan,20250110,Logic Flaw,215K,1
Lifiprotocol_exp,0xd82fe84e63b1aa52e1ce540582ee0895ba4a71ec5e7a632a3faa1aff3e763873,24-Jul,20240716,Incorrect Input Validation,,1
OKC_exp,0xd85c603f71bb84437bc69b21d785f982f7630355573566fa365dbee4cd236f08,23-Nov,20231114,Instant Rewards Unlocked,,1
ARA_exp,0xd87cdecd5320301bf9a985cc17f6944e7e7c1fbb471c80076ef2d031cc3023b2,23-Jun,20230618,Incorrect Handling of Permissions,,0
OpenLeverage_exp,0xd88f26f2f9145fa413db0cfd5d3eb121e3a50a3fdcee16c9bd4731e68332ce4b,23-Oct,20231022,Business Logic Flaw,,1
EHIVE_exp,0xd9156f507c701a09d3312e1987383c7c882df50b3127e1adfd74d74052642114,23-Aug,20230822,Business Logic Flaw,,1
OMPxContract_exp,0xd927843e30c6b2bf43103d83bca6abead648eac3cad0d05b1b0eb84cd87de9b6,24-Aug,20240816,Flashloan,,1
DDCoin_exp,0xd92bf51b9bf464420e1261cfcd8b291ee05d5fbffbfbb316ec95131779f80809,23-Jun,20230601,Flashloan Attack and Smart Contract Vulnerability,,1
CAROLProtocol_exp,0xd962d397a7f8b3aadce1622e705b9e33b430e86e0d306d6fb8ccbc5957b4185c,23-Nov,20231131,Price Manipulation via Reentrancy,,1
ParticleTrade_exp,0xd9b3e229acc755881890394cc76fde0d7b83b1abd4d046b0f69c1fd9fd495ff6,24-Feb,20240216,Lack of Validation Data,,1
RoulettePotV2_exp,0xd9e0014a32d96cfc8b72864988a6e1664a9b6a2e90aeaa895fcd42da11cc3490,25-Jan,20250111,Price Manipulation,~28K,1
SASHAToken_exp,0xd9fdc7d03eec28fc2453c5fa68eff82d4c297f436a6a5470c54ca3aecd2db17e,24-Oct,20241006,Price Manipulation,,1
WIFCOIN_ETH_exp,0xda8f6a4bed7e5689a343d111632d37480c0316f1d20b732803c4bd482823e284,24-Jun,20240617,Business Logic Flaw,,1
RevertFinance_exp,0xdaccbc437cb07427394704fbcc8366589ffccf974ec6524f3483844b043f31d5,23-Feb,20230218,Arbitrary External Call Vulnerability,,1
BCT_exp,0xdae0b85e01670e6b6b317657a72fb560fc388664cf8bfdd9e1b0ae88e0679103,23-Dec,20231223,Oracle Price Manipulation,,1
MetaPoint_exp,0xdb01fa33bf5b79a3976ed149913ba0a18ddd444a072a2f34a0042bf32e4e7995,23-Apr,20230413,Unrestricted Approval,,1
ULME_exp,0xdb9a13bc970b97824e082782e838bdff0b76b30d268f1d66aac507f1d43ff4ed,22-Oct,20221025,Access Control,,1
MBC_ZZSH_exp,0xdc53a6b5bf8e2962cf0e0eada6451f10956f4c0845a3ce134ddb050365f15c86,22-Nov,20221129,Business Logic Flaw & Access Control,,1
UnizenIO2_exp,0xdd0636e2598f4d7b74f364fedb38f334365fd956747a04a6dd597444af0bc1c0,24-Mar,20240324,Business Logic Flaw,,1
Bao_exp,0xdd7dd68cd879d07cfc2cb74606baa2a5bf18df0e3bda9f6b43f904f4f7bbdfc1,23-Jul,20220517,Flashloan,,1
LFI_exp,0xdd82fde0cc2fb7bdc078aead655f6d5e75a267a47c33fa92b658e3573b93ef0c,23-May,20230524,Business Logic Flaw,,1
MaestroRouter2_exp,0xddd1048fe3f2df1fb98e534a97173b32a9fca662dbd257a72725482431d3f25e,23-Oct,20231031,Arbitrary External Call,,1
SMOOFSStaking_exp,0xde51af983193b1be3844934b2937a76c19610ddefcdd3ffcf127db3e68749a50,24-Feb,20240228,Reentrancy,,1
Crb2_exp,0xde59f5bd65e8f48e5b6137a3b4251afbb9b6240d1036fa6f030e21ab6d950aac,24-Jun,20240624,Business Logic Flaw,,1
Thena_exp,0xdf6252854362c3e96fd086d9c3a5397c303d265649aee0b023176bb49cf00d4b,23-Mar,20230328,Yield Protocol Flaw,,1
XBridge_exp,0xe09d350d8574ac1728ab5797e3aa46841f6c97239940db010943f23ad4acf7ae,24-Apr,20240425,Logic Flaw,,1
OrbitChain_exp,0xe0bada18fdc56dec125c31b1636490f85ba66016318060a066ed7050ff7271f9,24-Jan,20240102,Incorrect Input Validation,,0
ZoomproFinance_exp,0xe176bd9cfefd40dc03508e91d856bd1fe72ffc1e9260cd63502db68962b4de1a,22-Sep,20220905,Flash Loan & Price Manipulation,,1
UnverifiedContr_9ad32_exp,0xe1bf84b7a57498c0573361b20b16077cc933e4c47aa0821bcea5b158a60ef505,23-Jun,20230627,Business Logic Flaw,,1
Level_exp,0xe1f257041872c075cbe6a1212827bc346df3def6d01a07914e4006ec43027165,23-May,20230523,Oracle Price Manipulation,,0
HeavensGate_exp,0xe28ca1f43036f4768776805fb50906f8172f75eba3bf1d9866bcd64361fda834,23-Sep,20230906,Rebasing Logic Issue,,1
PikeFinance_exp,0xe2912b8bf34d561983f2ae95f34e33ecc7792a2905a3e317fcc98052bce66431,24-Apr,20240430,Uninitialized Proxy,,1
Cellframe_exp,0xe2d496ccc3c5fd65a55048391662b8d40ddb5952dc26c715c702ba3929158cb9,23-Jun,20230602,Calculation Issues During Liquidity Migration,,1
ZS_exp,0xe2e87090f47c82eed3697297763edfad8e9689d2da7a4325541087d77432f54f,23-Oct,20231009,Business Logic Flaw,,1
paraspace_exp,0xe3f0d14cfb6076cabdc9057001c3fafe28767a192e88005bc37bd7d385a1116a,23-Mar,20230317,Flashloan & ScaledBalanceOf Manipulation,,1
landNFT_exp,0xe4db1550e3aa78a05e93bfd8fbe21b6eba5cce50dc06688949ab479ebed18048,23-May,20230514,Lack of Permission Control,,0
Anyswap_exp,0xe50ed602bd916fc304d53c4fed236698b71691a95774ff0aeeb74b699c6227f7,22-Jan,20220118,Insufficient Token Validation,,1
RES_exp,0xe59fa48212c4ee716c03e648e04f0ca390f4a4fc921a890fded0e01afa4ba96d,22-Oct,20221006,Pair Manipulate,,1
MaestroRouter2_exp,0xe60c5a3154094828065049121e244dfd362606c2a5390d40715ba54699ba9da6,23-Oct,20231032,Arbitrary External Call,,1
TSURU_exp,0xe63a8df8759f41937432cd34c590d85af61b3343cf438796c6ed2c8f5b906f62,24-May,20240510,Insufficient Validation,,0
Levyathan_exp,0xe6e504208ba90d121c3212a4f2547ae28e69790ab541d459c080ec8b1f3efab2,21-Jul,20210728,I Lost Keys and Minting II Vulnerable EmergencyWithdraw,,0
Pickle_exp,0xe72d4e7ba9b5af0cf2a8cfb1e30fd9f388df0ab3da79790be842bfbed11087b0,20-Nov,20201121,Incorrect Validation,,1
BDEX_exp,0xe7b7c974e51d8bca3617f927f86bf907a25991fe654f457991cbf656b190fe94,22-Nov,20180422,Integer Overflow,,1
JokInTheBox_exp,0xe8277ef6ba8611bd12dc5a6e7ca4b984423bc0b3828159f83b466fdcf4fe054f,24-Jun,20240611,Business Logic Flaw,,1
ARK_exp,0xe8b0131fa14d0a96327f6b5690159ffa7650d66376db87366ba78d91f17cd677,24-Mar,20240324,Logic Flaw,,1
TeamFinance_exp,0xe8f17ee00906cd0cfb61671937f11bd3d26cdc47c1534fedc43163a7e89edc6f,22-Oct,20221032,Liquidity Migration Exploit,,1
SELLC03_exp,0xe968e648b2353cea06fc3da39714fb964b9354a1ee05750a3c5cc118da23444b,23-Jun,20230514,Unchecked User Input,,1
BGLD_exp,0xea108fe94bfc9a71bb3e4dee4a1b0fd47572e6ad6aba8b2155ac44861be628ae,22-Dec,20240311,Precision Loss,,1
Hackathon_exp,0xea181f730886ece947e255ab508f5af1d0f569fee3368b651d5dbb28549087b5,24-Apr,20240414,Business Logic Flaw,,1
TrustPad_exp,0xea5bb62b8a151917a732d4114d716c7e6c087af8b3c0b3416c9dbc37c59f04da,23-Nov,20231108,Lack of MsgSender Address Verification,,1
BNBX_exp,0xea88dc6dbd81d09c572b5849e0d4508598edcf8f11c9a995cd8fe7e6c194f39e,24-Apr,20231217,Price Manipulation,,1
NerveBridge_exp,0xea95925eb0438e04d0d81dc270a99ca9fa18b94ca8c6e34272fc9e09266fcf1d,21-Dec,20211214,Swap Metapool Attack,,1
BrahTOPG_exp,0xeaef2831d4d6bca04e4e9035613be637ae3b0034977673c1c2f10903926f29c0,22-Nov,20230819,Price Manipulation,,1
Utopia_exp,0xeb4eb487f58d39c05778fed30cd001b986d3c52279e44f46b2de2773e7ee1d5e,23-Jul,20230720,Business Logic Flaw,,1
Sturdy_exp,0xeb87ebc0a18aca7d2a9ffcabf61aa69c9e8d3c6efade9e2303f8857717fb9eb7,23-Jun,20230612,Read-only Reentrancy,,1
Bayc_apecoin_exp,0xeb8c3bebed11e2e4fcd30cbfc2fb3c55c4ca166003c7f7d319e78eaab9747098,22-May,20240312,Business Logic Flaw,,1
Biswap_exp,0xebe5248820241d8de80bcf66f4f1bfaaca62962824efaaa662db84bd27f5e47e,23-Jun,20240117,Arbitrary External Call Vulnerability,,1
FPR_exp,0xec1b969e1435a1449dd5179404c54b5c60e49f15a1bf6bf8922e8d2978102f4a,22-Dec,20231021,Div Precision Loss,,1
NFTTrader_exp,0xec7523660f8b66d9e4a5931d97ad8b30acc679c973b20038ba4c15d4336b393d,23-Dec,20231216,Reentrancy,,1
TeamFinance_exp,0xec75bb553f50af37f8dd8f4b1e2bfe4703b27f586187741b91db770ad9b230cb,22-Oct,20221033,Liquidity Migration Exploit,,1
FloorProtocol_exp,0xec8f6d8e114caf8425736e0a3d5be2f93bbea6c01a50a7eeb3d61d2634927b40,23-Dec,20231218,Business Logic Flaw,,1
TIME_exp,0xecdd111a60debfadc6533de30fb7f55dc5ceed01dfadd30e4a7ebdb416d2f6b6,23-Dec,20231206,Arbitrary Address Spoofing Attack,,1
Velocore_exp,0xed11d5b013bf3296b1507da38b7bcb97845dd037d33d3d1b0c5e763889cdbed1,24-Jun,20240624,Business Logic Flaw,,1
NomadBridge_exp,0xed26708a7335116bdb0673f32ace7c2f329fe3cd349e200447210f1721f335f0,22-Aug,20220804,Business Logic Flaw & Incorrect Acceptable Merkle Root Checks,,0
HODLCapital_exp,0xedc214a62ff6fd764200ddaa8ceae54f842279eadab80900be5f29d0b75212df,23-May,20230509,Reflection Token,,1
CEXISWAP_exp,0xede72a74d8398875b42d92c550539d72c830d3c3271a7641ee1843dc105de59e,23-Sep,20230921,Incorrect Access Control,,1
MaestroRouter2_exp,0xede874f9a4333a26e97d3be9d1951e6a3c2a8861e4e301787093cfb1293d4756,23-Oct,20231033,Arbitrary External Call,,1
VTF_exp,0xeeaf7e9662a7488ea724223c5156e209b630cdc21c961b85868fe45b64d9b086,22-Oct,20221028,Incorrect Reward Calculation,,1
RES_exp,0xef19a4dfd69874d5efda3e38b5a19cae4e0b0bdc95769760bd85ede4d15609ac,22-Oct,20221007,Pair Manipulate,,1
LAURAToken_exp,0xef34f4fdf03e403e3c94e96539354fb4fe0b79a5ec927eacc63bc04108dbf420,25-Jan,20250101,Pair Balance Manipulation,1234 ETH (~$412K USD),1
Will_exp,0xefe58a14fc0022872262678b358aaae64a26fe2389d09093eb14752ea99415e9,24-Jun,20240629,Business Logic Flaw,,1
BlueberryProtocol_exp,0xf0464b01d962f714eee9d4392b2494524d0e10ce3eb3723873afd1346b8b06e4,24-Feb,20240427,Precision Loss,,1
DEPUSDT_LEVUSDC_exp,0xf0a13b445674094c455de9e947a25bade75cac9f5176695fca418898ea25742f,23-Jun,20230616,Incorrect Access Control,,1
Mosca2_exp,0xf13d281d4aa95f1aca457bd17f2531581b0ce918c90905d65934c9e67f6ae0ec,25-Jan,20250113,Logic Flaw,376K,1
SVT_exp,0xf2a0c957fef493af44f55b201fbc6d82db2e4a045c5c856bfe3d8cb80fa30c12,23-Aug,20230826,Flawed Price Calculation,,1
APC_exp,0xf2d4559aeb945fb8e4304da5320ce6a2a96415aa70286715c9fcaf5dbd9d7ed2,22-Dec,20221202,Flashloan & Price Manipulation,,1
NowSwap_exp,0xf3158a7ea59586c5570f5532c22e2582ee9adba2408eabe61622595197c50713,21-Sep,20210915,Logic Flaw,,1
XSIJ_exp,0xf477089602fefcfc1dbdce15834476267914d64a1e6a52f07d3f135f091e1d27,24-Jan,20240130,Business Logic Flaw,,1
Uerii_exp,0xf4a3d0e01bbca6c114954d4a49503fc94dfdbc864bded5530b51a207640d86b5,22-Oct,20221017,Access Control,,1
MaestroRouter2_exp,0xf4ae22177c3abbb0f21defe51dd14eff68eb1b0c52ac4104186220138e8e5bb2,23-Oct,20231034,Arbitrary External Call,,1
PineProtocol_exp,0xf4f254c3c6b64ded778b5af292c6ab6ed886c1bdd8988510bdc0ca0cf7f9857e,23-Dec,20231224,Business Logic Flaw,,0
NBLGAME_exp,0xf4fc3b638f1a377cf22b729199a9aeb27fc62fe2983a65c4d14b99ee5c5b2328,24-Jan,20240124,Business Logic Flaw,,1
CitadelFinance_exp,0xf52a681bc76df1e3a61d9266e3a66c7388ef579d62373feb4fd0991d36006855,24-Jan,20240128,Price Manipulation,,1
MixedSwapRouter_exp,0xf57f041cb6d8a10e11edab50b84e49b59ff834c7d114d1e049cedd654c36194d,24-May,20240531,Arbitrary Call,,1
Token8633_9419_exp,0xf6ec3c22b718c3da17746416992bac7b65a4ef42ccf5b43cf0716c82bffc2844,23-Nov,20231123,Oracle Price Manipulation,,1
MultiChainCapital_exp,0xf72f1d10fc6923f87279ce6c0aef46e372c6652a696f280b0465a301a92f2e26,23-May,20230523,Oracle Price Manipulation,,1
NovaExchange_exp,0xf743dba906255cf6f75f8243ef8192f2a211aacf03df99322584686b5c445c23,22-Dec,20221209,Malicious Unlimited Minting Rugged,,0
DEXRouter_exp,0xf77c5904da98d3d4a6e651d0846d35545ef5ca0b969132ae81a9c63e1efc2113,23-Sep,20230929,Arbitrary External Call,,0
OpenLeverage2_exp,0xf78a85eb32a193e3ed2e708803b57ea8ea22a7f25792851e3de2d7945e6d02d5,24-Apr,20240424,Oracle Price Manipulation,,1
OnyxProtocol_exp,0xf7c21600452939a81b599017ee24ee0dfd92aaaccd0a55d02819a7658a6ef635,23-Nov,20231101,Precision Loss Vulnerability,,1
GDS_exp,0xf9b6cc083f6e0e41ce5e5dd65b294abf577ef47c7056d86315e5e53aa662251e,23-Jan,20230104,Business Logic Flaw,,1
Jimbo_exp,0xf9baf8cee8973cf9700ae1b1f41c625d7a2abdbcbc222582d24a8f2f790d0b5a,23-May,20230531,Protocol Specific Price Manipulation,,1
SUT_exp,0xfa1ece5381b9e2b2b83cb10faefde7632ca411bb38dd6bafe1f1140b1360f6ae,23-Jul,20230721,Business Logic Flaw,,0
USDs_exp,0xfaf84cabc3e1b0cf1ff1738dace1b2810f42d98baeea17b146ae032f0bdf82d5,23-Feb,20230203,Balance Recalculation Bug,,0
Bob_exp,0xfb14292a531411f852993e5a3ba4e7eb63ed548220267b9b3f4aacc5572d3a58,23-Dec,20230110,Business Logic Flaw,,1
Orion_exp,0xfb153c572e304093023b4f9694ef39135b6ed5b2515453173e81ec02df2e2104,23-Feb,20230204,Reentrancy,,1
USDTStakingContract28_exp,0xfc872bf5ca8f04b18b82041ec563e4abf2e31e1fc27d1ea5dee39bc8a79d2d06,23-Jul,20230715,Lack of Access Control,,1
Levyathan_exp,0xfd30def124c1345606598ae4817ae184fc1918fc638111c6e71bc9752361fd87,21-Jul,20210729,I Lost Keys and Minting II Vulnerable EmergencyWithdraw,,0
Jimbo_exp,0xfda5464e97043a2d0093cbed6d0a64f6a86049f5e9608c014396a7390188670e,23-May,20230532,Protocol Specific Price Manipulation,,1
QTN_exp,0xfde10ad92566f369b23ed5135289630b7a6453887c77088794552c2a3d1ce8b7,23-Jan,20230119,Business Logic Flaw,,1
ETHFIN_exp,0xfe031685d84f3bae1785f5b2bd0ed480b87815c3f23ce6ced73b8573b7e367c6,24-Mar,20240324,Oracle Price Manipulation,,1
SELLC02_exp,0xfe80df5d689137810df01e83b4bb51409f13c865e37b23059ecc6b3d32347136,23-May,20230514,Price Manipulation,,1
Zenterest_exp,0xfe8bc757d87e97a5471378c90d390df47e1b29bb9fca918b94acd8ecfaadc598,24-Aug,20240816,Price Out of Date,,1
Raft_exp,0xfeedbf51b4e2338e38171f6e19501327294ab1907ab44cfd2d7e7336c975ace7,23-Nov,20231110,Donate Inflation ExchangeRate & Rounding Error,,1
Audius_exp,0xfefd829e246002a8fd061eede7501bccb6e244a9aacea0ebceaecef5d877a984,22-Jul,20230424,Business Logic Flaw,,1
Themis_exp,0xff368294ccb3cd6e7e263526b5c820b22dea2b2fd8617119ba5c3ab8417403d8,23-Jun,20230628,Manipulation of Prices Using Flashloan,,1
UN_exp,0xff5515268d53df41d407036f547b206e288b226989da496fda367bfeb31c5b8b,23-Jun,20230606,Price Manipulation,,1
MaestroRouter2_exp,0xffb4bd29825bdd41adf344028f759692021cbadc2d4cb5b587e68fd8285c5eb1,23-Oct,20231035,Arbitrary External Call,,1